Corporation ID,Corp Name,Pre-K Female,Pre-K Male,Kindergarten Female,Kindergarten Male,Grade 1 Female,Grade 1 Male,Grade 2 Female,Grade 2 Male,Grade 3 Female,Grade 3 Male,Grade 4 Female,Grade 4 Male,Grade 5 Female,Grade 5 Male,Grade 6 Female,Grade 6 Male,Grade 7 Female,Grade 7 Male,Grade 8 Female,Grade 8 Male,Grade 9 Female,Grade 9 Male,Grade 10 Female,Grade 10 Male,Grade 11 Female,Grade 11 Male,Grade 12 Female,Grade 12 Male,Grade 12+/Adult Female,Grade 12+/Adult Male,TOTAL ENROLLMENT Female,TOTAL ENROLLMENT Male,TOTAL ENROLLMENT Total
0015,Adams Central Community Schools,33,34,52,45,36,39,43,51,52,47,41,51,50,47,45,61,59,53,45,61,50,51,52,61,42,59,48,48,0,1,648,709,1357
0025,North Adams Community Schools,43,50,42,43,52,59,48,47,51,52,43,55,48,51,56,34,37,51,52,44,63,89,82,76,89,70,75,69,0,0,781,790,1571
0035,South Adams Schools,13,22,49,66,52,51,52,63,58,43,44,52,57,49,54,43,53,47,40,57,51,46,47,42,37,38,39,39,3,5,649,663,1312
0125,MSD Southwest Allen County Schls,47,90,229,226,224,241,256,245,234,300,248,313,259,296,272,323,285,328,311,320,289,323,289,341,294,286,318,315,0,0,3555,3947,7502
0225,Northwest Allen County Schools,13,19,281,308,301,313,280,328,310,330,286,338,299,365,333,321,341,364,326,344,333,345,307,345,342,321,292,324,0,0,4044,4365,8409
0235,Fort Wayne Community Schools,514,586,1027,1089,1089,1075,984,1123,1102,1077,1015,1118,1036,1105,983,1020,953,1059,1041,1075,1035,1115,1087,1107,1083,1074,966,1011,0,0,13915,14634,28549
0255,East Allen County Schools,55,68,340,350,340,384,330,377,364,376,344,361,385,392,352,373,368,377,362,407,444,458,408,441,421,413,411,413,14,8,4938,5198,10136
0365,Bartholomew Con School Corp,137,142,401,398,413,425,419,430,393,459,407,439,418,430,383,453,433,420,426,419,487,480,507,516,447,496,471,408,0,0,5742,5915,11657
0370,Flat Rock-Hawcreek School Corp,0,0,25,45,44,42,38,27,42,52,25,37,36,47,51,36,33,49,40,34,27,40,37,33,30,39,31,42,0,0,459,523,982
0395,Benton Community School Corp,11,11,58,59,54,56,64,61,53,66,41,58,50,62,37,68,67,73,60,76,61,71,68,75,53,73,46,69,0,0,723,878,1601
0515,Blackford County Schools,0,0,52,49,58,57,47,51,62,69,54,51,41,47,56,67,48,52,48,51,60,48,69,56,48,58,51,62,0,0,694,718,1412
0615,Western Boone Co Com Sch Dist,43,28,46,51,32,46,34,55,49,66,45,76,50,65,59,73,51,69,56,61,77,77,57,60,70,70,51,57,0,0,720,854,1574
0630,Zionsville Community Schools,117,131,267,263,240,293,293,280,298,355,300,326,306,327,278,346,301,310,302,300,280,293,290,308,281,295,285,297,5,4,3843,4128,7971
0665,Lebanon Community School Corp,41,63,129,140,143,122,152,147,140,148,115,162,124,156,137,144,148,150,133,137,137,142,153,133,129,133,108,132,2,1,1791,1910,3701
0670,Brown County School Corporation,41,41,46,51,40,42,54,60,47,50,61,54,56,55,64,57,65,76,64,70,51,58,58,58,68,60,49,52,1,0,765,784,1549
0750,Carroll Consolidated School Corp,9,17,35,38,44,34,38,44,38,40,34,37,42,38,44,45,31,33,27,52,40,38,33,33,37,39,45,38,0,0,497,526,1023
0755,Delphi Community School Corp,15,35,39,44,35,54,48,58,47,45,46,55,51,53,45,52,37,59,51,45,47,51,53,56,52,51,33,54,0,0,599,712,1311
0775,Pioneer Regional School Corp,16,19,28,26,27,29,26,32,30,28,32,30,33,30,43,44,37,39,28,32,36,37,33,37,32,36,36,42,0,0,437,461,898
0815,Lewis Cass Schools ,1,12,45,46,30,52,44,56,41,47,52,56,32,49,66,54,49,59,50,54,48,55,53,59,39,40,45,48,0,1,595,688,1283
0875,Logansport Community Sch Corp,58,64,182,175,161,174,152,171,165,169,175,155,161,172,153,169,162,180,156,174,151,182,161,196,179,172,158,161,0,0,2174,2314,4488
0935,Borden-Henryville School Corporation,26,30,49,62,60,54,68,66,51,72,55,58,81,62,77,73,72,80,59,61,65,61,60,77,75,67,65,42,2,3,865,868,1733
0945,Silver Creek School Corporation,16,39,104,109,110,132,114,120,125,118,140,122,128,113,108,122,117,123,117,161,133,128,113,137,114,120,111,117,0,3,1550,1664,3214
1000,Clarksville Community School Corp,18,32,204,197,190,184,165,199,151,203,180,181,172,204,247,209,300,245,340,260,375,312,460,375,529,385,510,347,0,0,3841,3333,7174
1010,Greater Clark County Schools,127,158,354,424,413,413,373,411,419,421,365,391,385,408,367,406,359,380,373,431,399,429,407,430,404,402,394,402,0,0,5139,5506,10645
1125,Clay Community Schools,33,59,155,151,164,176,167,164,157,152,146,153,159,142,154,163,136,172,135,156,136,173,140,135,147,132,114,124,0,0,1943,2052,3995
1150,Clinton Central School Corporation,8,12,51,33,29,50,33,44,42,34,37,29,31,30,36,28,27,35,28,36,29,30,28,32,40,35,25,30,0,0,444,458,902
1160,Clinton Prairie School Corporation,14,23,38,50,42,39,52,39,40,44,46,50,40,47,44,48,50,41,37,35,49,41,31,51,40,37,44,41,0,0,567,586,1153
1170,Community Schools of Frankfort,53,52,112,101,111,106,103,118,101,107,112,107,98,115,110,115,98,106,109,116,110,111,117,130,98,122,116,118,0,0,1448,1524,2972
1180,Rossville Con School District,9,19,33,26,29,35,33,34,26,37,50,35,43,31,44,38,31,36,35,26,38,49,23,34,44,35,25,35,0,0,463,470,933
1300,Crawford County Community Sch Corp,1,3,37,48,53,43,46,47,46,47,45,45,40,47,42,43,55,42,38,48,50,48,54,45,55,53,56,58,0,0,618,617,1235
1315,Barr-Reeve Community Schools Inc,0,0,47,45,34,35,39,40,50,33,51,35,61,37,50,47,32,36,38,41,31,38,43,36,38,28,29,35,0,0,543,486,1029
1375,North Daviess Com Schools,8,8,35,54,39,34,46,51,42,44,36,59,38,53,23,51,33,49,49,43,40,46,21,34,37,46,33,33,0,0,480,605,1085
1405,Washington Community Schools,39,66,87,106,101,116,101,96,105,109,92,87,74,97,74,105,82,92,83,100,100,105,115,104,98,109,103,92,1,0,1255,1384,2639
1560,Sunman-Dearborn Com Sch Corp,13,16,106,124,124,129,137,129,171,134,140,142,140,149,106,123,134,143,139,158,158,151,138,153,148,171,140,159,4,3,1798,1884,3682
1600,South Dearborn Community Sch Corp,9,21,62,71,58,67,69,75,68,47,59,66,71,67,67,59,66,77,69,76,78,71,72,96,81,73,66,88,0,0,895,954,1849
1620,Lawrenceburg Community School Corp,40,55,69,82,64,82,71,68,80,85,57,82,62,72,66,73,72,84,75,67,84,87,82,94,98,93,91,86,0,1,1011,1111,2122
1655,Decatur County Community Schools,19,21,71,57,54,57,74,74,73,67,56,76,71,75,61,57,55,71,69,56,62,69,69,80,80,76,48,66,0,0,862,902,1764
1730,Greensburg Community Schools,48,48,53,65,76,83,87,72,66,81,66,73,72,85,63,69,75,60,52,85,98,74,86,89,69,71,79,80,0,0,990,1035,2025
1805,DeKalb Co Eastern Com Sch Dist,0,0,43,51,51,50,51,54,54,43,46,52,42,41,43,51,51,50,40,49,49,48,41,58,43,53,49,38,0,0,603,638,1241
1820,Garrett-Keyser-Butler Com Sch Corp,0,0,54,56,55,53,58,71,52,80,54,68,57,46,58,64,58,74,67,66,73,67,61,64,72,81,62,73,0,0,781,863,1644
1835,DeKalb Co Ctl United Sch Dist,88,82,112,137,134,127,118,137,154,127,142,132,147,134,117,114,133,135,134,126,120,129,132,121,116,127,134,123,3,2,1784,1753,3537
1875,Delaware Community School Corp,5,7,70,88,86,95,93,94,87,116,84,98,101,107,94,98,113,102,74,121,124,116,100,121,116,94,78,98,0,1,1225,1356,2581
1885,Wes-Del Community Schools,19,24,31,29,36,29,34,31,34,34,30,34,31,31,38,28,34,33,34,31,35,33,25,30,26,33,27,28,0,0,434,428,862
1895,Liberty-Perry Community Sch Corp,14,20,38,35,41,28,32,47,36,54,46,43,44,57,51,48,47,42,48,41,48,45,40,42,51,35,47,41,0,0,583,578,1161
1900,Cowan Community School Corp,0,0,33,21,35,27,33,18,36,26,22,34,25,30,32,37,24,34,24,35,29,27,31,28,22,26,18,20,0,0,364,363,727
1910,Yorktown Community Schools,0,0,100,98,105,122,88,105,99,110,99,116,116,109,118,109,110,125,116,109,123,117,101,103,82,115,109,86,1,2,1367,1426,2793
1940,Daleville Community Schools,0,1,47,35,28,45,43,36,41,43,44,39,40,31,38,42,45,35,41,43,33,37,45,30,45,27,24,30,0,0,514,474,988
1970,Muncie Community Schools,125,146,178,222,206,201,202,213,217,201,174,207,195,182,181,218,158,200,174,180,152,210,152,162,161,170,158,168,8,5,2441,2685,5126
2040,Northeast Dubois Co Sch Corp,31,46,25,30,16,27,31,29,39,35,21,26,19,30,28,42,26,29,32,32,30,23,34,33,20,35,29,35,0,0,381,452,833
2100,Southeast Dubois Co Sch Corp,25,19,39,57,45,27,46,52,56,46,50,45,37,50,54,51,48,56,38,51,49,33,48,38,44,44,46,60,0,0,625,629,1254
2110,Southwest Dubois Co Sch Corp,33,36,76,85,58,88,96,83,67,93,94,72,65,104,65,75,66,66,50,73,78,69,74,86,76,70,57,81,1,4,956,1085,2041
2120,Greater Jasper Consolidated Schs,32,66,122,116,124,125,115,121,101,125,128,157,118,121,117,135,127,121,103,106,143,135,143,152,123,142,127,130,3,5,1626,1757,3383
2155,Fairfield Community Schools,0,0,90,102,78,75,78,104,84,94,80,99,92,94,91,104,75,93,93,89,69,83,78,72,78,86,71,57,0,0,1057,1152,2209
2260,Baugo Community Schools,0,0,70,88,66,66,72,56,72,76,67,66,83,82,65,69,85,89,73,58,70,72,79,67,48,65,65,79,0,1,915,934,1849
2270,Concord Community Schools,0,0,182,190,172,201,190,188,182,197,172,202,213,194,179,168,214,203,220,215,214,235,187,205,218,238,203,226,2,2,2548,2664,5212
2275,Middlebury Community Schools,0,0,125,151,129,151,147,139,151,167,141,154,135,144,177,168,158,156,143,165,156,171,169,169,161,175,140,183,1,2,1933,2095,4028
2285,Wa-Nee Community Schools,0,0,103,99,94,117,114,131,93,118,113,106,111,123,120,100,96,110,105,121,104,122,105,105,111,117,106,100,1,3,1376,1472,2848
2305,Elkhart Community Schools,65,91,379,396,440,435,385,408,426,439,367,443,416,412,383,381,385,394,366,407,330,448,409,421,403,446,417,398,9,15,5180,5534,10714
2315,Goshen Community Schools,52,63,213,234,211,219,214,232,225,263,212,214,204,227,226,232,229,252,215,241,226,270,253,270,257,224,236,260,26,42,2999,3243,6242
2395,Fayette County School Corporation,105,122,100,113,121,117,108,116,112,102,96,110,105,119,83,128,100,126,110,98,131,114,113,116,134,118,94,92,0,0,1512,1591,3103
2400,New Albany-Floyd Co Con Sch,121,140,375,402,391,395,424,408,368,498,418,401,420,445,393,423,411,443,441,439,459,462,408,485,444,448,428,472,0,0,5501,5861,11362
2435,Attica Consolidated School Corp,9,8,20,24,21,20,15,16,16,23,19,17,19,20,21,26,17,22,24,22,15,23,22,25,17,23,20,13,0,0,255,282,537
2440,Covington Community School Corp,26,37,33,31,26,32,22,30,43,27,29,36,38,37,23,32,37,33,26,27,33,38,34,36,34,27,40,36,0,0,444,459,903
2455,Southeast Fountain School Corp,14,14,28,42,43,39,34,42,42,35,43,45,33,48,31,52,35,31,43,50,39,36,44,38,42,38,38,26,0,0,509,536,1045
2475,Franklin County Community Sch Corp,12,17,66,64,87,78,82,72,67,79,58,60,73,66,71,69,80,77,76,76,69,73,76,72,81,69,92,82,0,0,990,954,1944
2645,Rochester Community School Corp,46,39,46,57,69,68,46,59,52,64,53,74,51,78,54,56,64,50,62,53,59,51,59,54,48,70,46,65,0,0,755,838,1593
2650,Caston School Corporation,0,1,24,28,40,24,28,22,47,41,26,35,26,39,34,33,31,22,38,23,35,41,31,34,30,30,24,29,0,0,414,402,816
2725,East Gibson School Corporation,2,10,14,34,21,25,22,18,19,31,31,28,19,25,22,26,29,33,28,19,31,29,30,27,23,33,24,29,0,0,315,367,682
2735,North Gibson School Corporation,21,26,54,58,71,54,69,73,58,85,71,57,80,70,66,89,69,73,55,85,60,73,65,81,72,84,66,79,0,0,877,987,1864
2765,South Gibson School Corporation,0,0,59,75,66,57,69,71,71,94,58,63,45,86,91,89,93,99,91,99,81,100,99,96,96,99,84,86,0,1,1003,1115,2118
2815,Eastbrook Community Sch Corp,24,33,43,46,55,69,65,55,50,42,52,53,56,54,58,53,68,63,52,64,77,72,62,69,63,57,61,59,2,2,788,791,1579
2825,Madison-Grant United School Corp,16,22,37,45,57,57,41,55,46,60,54,48,59,62,72,70,81,84,113,85,114,80,134,100,134,89,129,80,0,0,1087,937,2024
2855,Mississinewa Community School Corp,79,61,82,104,100,87,87,70,75,98,64,80,89,110,85,72,85,82,86,97,75,93,78,102,103,90,93,120,3,3,1184,1269,2453
2865,Marion Community Schools,111,131,134,174,156,144,130,156,133,139,129,118,121,117,136,126,97,111,113,134,110,156,125,129,126,138,118,147,3,6,1742,1926,3668
2920,Bloomfield School District,9,20,33,34,25,30,38,30,24,36,37,36,34,30,55,30,38,40,39,26,28,21,26,26,24,26,29,28,0,0,439,413,852
2940,Eastern Greene Schools,15,16,33,43,39,45,32,36,35,45,33,43,37,47,34,55,48,36,41,40,50,59,41,44,45,36,33,50,0,0,516,595,1111
2950,Linton-Stockton School Corporation,42,45,50,59,53,58,56,58,58,46,52,50,45,53,41,52,66,42,41,49,52,53,49,51,43,53,38,38,0,0,686,707,1393
2960,MSD Shakamak Schools,24,27,25,21,31,23,24,24,33,25,22,16,20,18,26,25,22,24,16,22,23,24,28,29,24,33,27,23,0,0,345,334,679
2980,White River Valley School District,16,17,29,19,27,21,29,29,21,27,23,39,27,21,24,23,28,17,30,29,24,26,26,28,26,28,32,18,0,0,362,342,704
3005,Hamilton Southeastern Schools,123,224,567,577,657,690,698,714,763,805,807,767,774,848,815,806,823,810,781,919,845,868,919,899,835,941,900,887,0,0,10307,10755,21062
3025,Hamilton Heights School Corp,40,44,63,70,69,72,93,77,107,92,73,89,85,108,82,108,71,69,101,118,103,94,84,88,81,99,77,83,0,1,1129,1212,2341
3030,Westfield-Washington Schools,36,64,328,356,403,435,396,378,397,435,389,423,391,430,345,385,400,409,354,422,320,454,360,426,355,347,311,364,5,6,4790,5334,10124
3055,Sheridan Community Schools,3,13,47,46,43,50,46,40,55,42,42,48,39,42,39,42,49,48,45,47,35,49,53,48,37,42,31,48,0,0,564,605,1169
3060,Carmel Clay Schools,45,90,503,475,542,548,570,596,588,584,601,618,619,637,614,630,672,684,626,664,652,654,660,636,648,625,684,680,0,0,8024,8121,16145
3070,Noblesville Schools,96,115,333,369,341,373,407,385,397,389,383,408,414,434,422,388,383,398,386,410,416,444,394,406,384,404,393,426,12,15,5161,5364,10525
3115,New Palestine Community Schools,53,71,131,131,114,131,135,149,123,163,144,149,149,176,139,141,159,158,136,153,147,175,157,159,138,168,155,147,4,4,1884,2075,3959
3125,Greenfield-Central Com Schools,76,94,127,134,149,155,137,162,144,154,160,150,146,153,164,162,184,158,173,175,168,184,195,174,165,195,162,170,0,0,2150,2220,4370
3135,Mt Vernon Community School Corp,44,73,187,162,153,171,174,191,184,203,189,162,203,224,191,186,179,201,205,188,171,213,183,169,195,174,165,200,0,0,2423,2517,4940
3145,Eastern Hancock Co Com Sch Corp,7,10,38,48,35,48,38,49,46,40,49,48,38,55,48,46,52,53,51,49,41,57,41,45,51,50,37,48,0,1,572,647,1219
3160,Lanesville Community School Corp,0,0,20,18,28,28,30,26,30,33,36,35,24,33,29,30,31,34,23,19,26,27,24,20,34,29,30,36,0,0,365,368,733
3180,North Harrison Com School Corp,17,25,71,78,70,84,87,102,76,89,73,84,72,76,60,97,85,81,58,75,82,73,80,81,78,75,74,73,0,0,983,1093,2076
3190,South Harrison Com Schools,42,46,114,117,106,123,114,135,117,127,129,124,116,103,120,124,112,104,102,124,106,117,89,164,106,116,105,121,0,0,1478,1645,3123
3295,North West Hendricks Schools,32,29,50,59,65,73,64,73,81,77,84,65,81,80,66,70,78,81,68,69,67,91,77,81,69,65,75,85,2,1,959,999,1958
3305,Brownsburg Community School Corp,106,151,301,334,349,339,369,389,363,394,348,381,423,413,389,430,395,430,400,450,414,434,435,418,388,456,383,403,3,15,5066,5437,10503
3315,Avon Community School Corp,75,135,307,324,349,395,381,365,383,389,353,423,386,436,372,399,394,444,458,451,430,450,448,457,404,468,436,425,1,4,5177,5565,10742
3325,Danville Community School Corp,10,24,89,114,101,108,94,104,88,113,114,112,111,104,105,125,85,106,124,110,105,105,101,112,101,114,97,114,2,3,1327,1468,2795
3330,Plainfield Community School Corp,88,122,202,194,187,205,182,220,223,220,185,235,193,218,203,254,211,259,236,220,231,232,226,248,220,218,229,236,5,15,2821,3096,5917
3335,Mill Creek Community Sch Corp,13,25,51,60,66,56,62,56,61,81,43,57,49,61,49,56,57,62,58,50,55,67,72,71,64,78,66,64,0,0,766,844,1610
3405,Blue River Valley Schools,22,22,19,24,18,25,18,24,21,18,20,20,18,28,17,17,19,26,27,21,22,23,30,32,20,26,26,17,0,0,297,323,620
3415,South Henry School Corp,0,0,35,27,28,36,29,26,33,27,24,30,36,27,30,32,39,37,25,39,27,33,24,35,41,40,28,28,0,0,399,417,816
3435,Shenandoah School Corporation,16,32,55,67,49,56,54,53,49,64,51,47,55,62,65,60,74,64,53,78,102,83,89,93,110,102,44,44,0,0,866,905,1771
3445,New Castle Community School Corp,31,35,99,114,117,129,98,116,86,101,102,109,112,93,102,115,95,106,87,122,115,114,123,108,97,133,115,107,0,0,1379,1502,2881
3455,C A Beard Memorial School Corp,28,40,35,25,35,49,39,45,35,41,33,49,45,46,35,39,32,35,40,33,41,46,25,51,41,45,33,36,0,0,497,580,1077
3460,Taylor Community School Corp,22,25,51,50,50,32,55,42,53,40,33,41,33,52,43,50,40,53,43,54,32,52,50,37,43,44,46,39,0,0,594,611,1205
3470,Northwestern School Corp,18,37,48,67,62,62,58,79,80,67,55,74,64,78,58,75,80,83,74,87,75,59,64,87,63,66,65,62,0,0,864,983,1847
3480,Eastern Howard School Corporation,2,2,58,60,57,56,51,68,63,61,52,67,59,65,66,59,63,68,70,59,62,62,70,70,53,69,54,53,0,4,780,823,1603
3490,Western School Corporation,1,3,80,86,95,85,90,85,111,121,96,98,96,98,110,107,106,91,92,92,98,99,82,105,82,116,98,119,0,0,1237,1305,2542
3500,Kokomo School Corporation,119,122,178,229,190,206,195,194,182,198,184,192,170,170,177,192,177,183,171,176,191,192,185,222,211,198,202,175,8,8,2540,2657,5197
3625,Huntington Co Com Sch Corp,52,75,170,174,172,172,195,183,175,217,181,187,189,192,168,179,197,190,197,168,183,198,182,188,154,195,170,163,3,5,2388,2486,4874
3640,Medora Community School Corp,7,5,3,8,11,5,5,14,5,7,5,2,6,7,3,9,1,7,5,7,5,11,8,11,8,9,4,7,0,0,76,109,185
3675,Seymour Community Schools,6,28,196,188,207,194,193,216,184,227,196,228,200,219,203,240,185,190,201,202,182,243,206,233,224,218,202,209,5,7,2590,2842,5432
3695,Brownstown Cnt Com Sch Corp,3,10,34,57,42,45,58,46,58,66,51,40,55,56,50,50,52,56,50,49,64,51,54,57,58,68,57,54,0,0,686,705,1391
3710,Crothersville Community Schools,8,16,21,15,19,29,17,8,12,14,27,16,11,17,17,23,14,14,14,22,13,17,18,21,15,9,8,16,0,0,214,237,451
3785,Kankakee Valley School Corp,16,22,107,100,95,112,98,118,111,141,112,118,121,118,122,112,105,132,135,122,124,120,113,97,131,134,122,126,4,5,1516,1577,3093
3815,Rensselaer Central School Corp,36,30,48,56,44,74,53,57,55,62,62,49,53,48,45,72,56,69,55,66,39,57,60,58,47,57,40,70,3,1,696,826,1522
3945,Jay School Corporation,63,76,107,138,122,114,99,111,113,129,110,129,102,103,102,123,94,114,102,135,96,107,85,102,82,109,98,78,2,5,1377,1573,2950
3995,Madison Consolidated Schools,90,97,94,93,100,89,119,92,110,99,82,89,84,106,79,92,98,83,99,87,96,105,80,103,111,106,72,96,0,0,1314,1337,2651
4000,Southwestern-Jefferson Co Con,36,42,45,43,39,41,59,65,46,46,46,46,38,41,42,38,54,61,40,45,39,53,36,49,44,50,42,37,0,0,606,657,1263
4015,Jennings County School Corporation,36,50,137,132,132,148,121,143,130,142,115,143,153,178,146,134,139,140,135,158,167,161,154,138,142,152,127,138,3,6,1837,1963,3800
4145,Clark-Pleasant Community Sch Corp,85,119,257,244,235,275,285,282,232,276,235,288,274,258,267,300,275,296,266,286,259,282,245,288,267,299,225,270,3,6,3410,3769,7179
4205,Center Grove Community School Corp,46,95,314,322,326,336,348,366,383,386,340,378,354,428,369,392,381,408,427,381,381,386,339,396,350,377,366,361,0,0,4724,5012,9736
4215,Edinburgh Community School Corp,10,10,35,24,25,35,29,38,21,32,32,27,30,34,35,32,29,27,22,34,30,40,18,24,29,35,23,31,1,1,369,424,793
4225,Franklin Community School Corp,33,68,161,172,173,173,156,179,173,188,181,206,164,193,192,197,184,177,187,190,180,214,194,222,226,203,195,185,0,0,2399,2567,4966
4245,Greenwood Community Sch Corp,12,36,150,118,145,146,139,122,150,171,140,155,178,168,170,135,168,175,141,175,172,164,142,163,162,151,123,146,1,5,1993,2030,4023
4255,Nineveh-Hensley-Jackson United,10,9,62,73,56,69,95,85,86,101,80,79,82,85,84,82,88,84,74,91,93,86,75,96,74,80,63,85,0,0,1022,1105,2127
4315,North Knox School Corp,0,0,38,35,39,55,42,38,36,53,48,42,39,58,50,44,50,64,53,57,38,32,44,38,42,49,44,30,0,0,563,595,1158
4325,South Knox School Corp,0,0,48,37,49,47,48,50,45,46,41,52,52,49,48,41,45,50,38,61,45,40,45,44,54,43,46,51,0,0,604,611,1215
4335,Vincennes Community School Corp,0,0,88,117,96,108,98,107,113,116,92,104,100,122,109,114,102,98,95,125,91,102,103,89,92,118,96,113,0,0,1275,1433,2708
4345,Wawasee Community School Corp,31,44,89,84,109,92,80,101,88,96,87,97,81,115,96,102,97,120,89,106,95,109,109,122,99,107,92,100,0,1,1242,1396,2638
4415,Warsaw Community Schools,7,13,222,232,257,249,247,269,239,252,270,284,258,262,283,274,252,255,246,261,251,262,244,263,270,248,257,273,3,6,3306,3403,6709
4445,Tippecanoe Valley School Corp,6,11,50,68,53,50,58,60,58,66,71,65,63,59,65,76,62,83,66,80,80,72,63,68,82,71,55,77,0,0,832,906,1738
4455,Whitko Community School Corp,0,2,28,41,25,44,50,42,30,59,47,52,49,45,39,45,46,39,42,40,38,43,47,32,44,42,52,40,0,0,537,566,1103
4515,Prairie Heights Community Sch Corp,0,0,49,46,55,56,46,57,53,52,62,61,51,48,50,54,43,39,41,51,52,61,53,63,41,50,57,51,1,3,654,692,1346
4525,Westview School Corporation,3,6,88,117,95,95,68,81,96,106,69,100,88,90,83,92,74,68,81,90,43,43,34,46,45,41,43,42,1,3,911,1020,1931
4535,Lakeland School Corporation,25,32,48,61,47,50,45,48,45,67,50,41,62,47,47,57,55,53,53,55,51,67,54,71,82,71,62,61,1,1,727,782,1509
4570,NW Indiana Special Education Coop,0,0,0,0,2,4,0,3,0,4,2,2,0,7,1,2,0,4,2,3,2,5,2,3,2,4,0,2,8,23,21,66,87
4580,Hanover Community School Corp,25,28,92,106,101,94,105,110,110,124,103,107,113,109,91,118,110,117,101,110,111,109,113,120,103,107,85,109,0,0,1363,1468,2831
4590,River Forest Community Sch Corp,15,24,61,62,70,58,62,60,65,62,59,72,55,48,53,66,64,57,64,65,67,89,64,74,75,68,49,79,0,0,823,884,1707
4600,Merrillville Community School Corp,62,95,174,175,185,202,174,210,198,220,211,217,201,225,174,188,206,215,233,224,290,228,267,256,291,286,250,241,3,3,2919,2985,5904
4615,Lake Central School Corporation,67,125,284,289,290,279,296,327,338,336,304,307,354,383,326,375,302,341,352,384,406,367,323,337,364,342,379,408,0,0,4385,4600,8985
4645,Tri-Creek School Corporation,10,20,120,137,120,110,122,122,144,152,124,131,117,140,113,119,118,124,118,138,118,131,117,127,120,120,120,128,0,0,1581,1699,3280
4650,Lake Ridge New Tech Schools,2,6,39,48,47,44,40,52,64,56,39,46,54,52,50,62,60,55,53,61,77,81,72,81,84,81,65,79,0,0,746,804,1550
4660,Crown Point Community School Corp,81,107,287,287,301,334,279,305,316,373,304,355,288,364,336,372,344,383,331,362,399,394,373,402,338,393,342,372,4,21,4323,4824,9147
4670,School City of East Chicago,52,61,101,117,118,116,112,119,135,120,107,119,101,129,101,129,106,101,114,115,134,151,109,145,113,146,120,131,2,1,1525,1700,3225
4680,Lake Station Community Schools,0,0,30,35,40,38,41,30,38,47,40,33,23,40,49,36,39,29,31,48,39,40,33,65,39,52,48,47,0,0,490,540,1030
4690,Gary Community School Corp,104,127,139,153,176,207,162,187,173,194,189,167,211,210,119,118,108,148,121,118,161,148,166,166,151,165,154,136,1,4,2135,2248,4383
4700,Griffith Public Schools,15,16,78,74,72,85,64,73,72,69,78,82,59,67,84,65,73,82,64,79,81,79,98,90,74,94,70,71,1,6,983,1032,2015
4710,School City of Hammond,260,257,336,378,377,415,386,402,382,419,388,397,387,420,342,345,323,330,338,365,365,406,402,427,405,403,414,438,0,0,5105,5402,10507
4720,School Town of Highland,9,23,106,111,115,114,99,125,108,131,109,117,127,126,125,121,123,140,137,128,107,145,149,125,110,121,96,116,2,0,1522,1643,3165
4730,School City of Hobart,22,35,102,137,136,146,143,135,146,164,135,157,143,175,138,165,142,168,147,148,147,163,161,179,168,181,145,150,0,0,1875,2103,3978
4740,School Town of Munster,21,57,120,94,114,119,126,140,130,157,122,154,150,133,169,180,139,179,160,163,195,182,165,174,209,182,188,171,1,7,2009,2092,4101
4760,School City of Whiting,13,17,27,24,20,38,30,28,32,30,39,28,35,35,38,43,45,43,40,41,62,65,71,47,54,46,58,42,0,0,564,527,1091
4805,New Prairie United School Corp,0,0,87,90,93,103,102,101,105,100,107,111,96,108,92,126,104,107,118,120,123,121,119,119,104,130,107,122,0,0,1357,1458,2815
4860,MSD of New Durham Township,0,0,33,30,33,30,35,34,38,41,46,37,46,33,39,24,46,35,33,31,37,32,37,35,36,37,23,27,0,0,482,426,908
4915,Tri-Township Cons School Corp,11,8,5,16,9,5,9,12,10,5,11,14,12,14,4,11,7,6,10,11,12,13,10,12,10,13,15,9,0,0,135,149,284
4925,Michigan City Area Schools,33,61,175,193,188,182,190,211,211,206,180,198,202,201,205,182,184,178,169,174,171,170,198,203,197,200,165,195,4,4,2472,2558,5030
4940,South Central Com School Corp,11,12,31,38,31,30,28,40,31,41,41,40,29,39,39,42,30,41,49,33,43,37,45,27,45,41,36,36,0,0,489,497,986
4945,La Porte Community School Corp,153,201,190,215,174,231,201,247,236,216,205,215,216,215,208,214,202,242,234,199,210,247,206,234,247,269,223,209,13,17,2918,3171,6089
5075,North Lawrence Com Schools,0,0,140,149,127,126,130,131,127,136,117,124,108,139,103,125,132,138,126,122,141,173,155,160,130,164,150,189,1,5,1687,1881,3568
5085,Mitchell Community Schools,12,36,54,66,62,53,57,56,50,65,47,51,52,55,69,49,55,62,36,65,54,65,55,56,50,44,44,55,1,0,698,778,1476
5245,Frankton-Lapel Community Schools,68,69,78,101,87,90,115,103,97,133,96,112,112,105,100,117,102,124,123,127,119,115,138,127,116,126,117,115,0,0,1468,1564,3032
5255,South Madison Com Sch Corp,0,1,167,168,155,168,160,202,173,197,167,169,185,191,168,167,179,189,178,184,185,178,180,165,162,157,218,257,0,0,2277,2393,4670
5265,Alexandria Community School Corp,19,36,45,53,46,49,43,49,45,57,48,53,55,48,44,64,34,57,47,49,52,71,51,63,47,54,51,44,0,0,627,747,1374
5275,Anderson Community School Corp,110,124,241,213,243,242,213,248,204,256,231,229,211,244,253,235,220,232,218,238,212,248,220,246,199,241,198,212,0,0,2973,3208,6181
5280,Elwood Community School Corp,50,68,46,54,48,47,49,50,51,43,58,48,44,67,40,49,62,54,44,48,67,69,65,39,51,60,47,43,1,0,723,739,1462
5300,MSD Decatur Township,62,85,230,223,240,240,228,243,218,251,252,256,240,271,210,262,230,272,246,252,232,275,267,280,216,267,217,213,3,4,3091,3394,6485
5310,Franklin Township Com Sch Corp,169,194,355,388,375,392,345,425,420,450,449,456,396,482,427,455,462,471,410,454,430,440,454,445,402,456,403,393,5,10,5502,5911,11413
5330,MSD Lawrence Township,246,304,534,602,576,615,617,588,593,638,633,603,619,651,577,561,609,641,606,618,692,670,641,702,658,690,635,615,6,7,8242,8505,16747
5340,Perry Township Schools,122,177,510,535,555,632,597,618,594,641,581,660,610,683,614,646,635,689,633,625,605,654,658,639,563,600,509,638,9,11,7795,8448,16243
5350,MSD Pike Township,136,196,402,415,403,426,403,383,393,393,384,388,412,432,363,355,405,411,395,391,413,406,424,393,427,433,329,363,0,0,5289,5385,10674
5360,MSD Warren Township,217,254,452,469,427,430,439,445,436,442,411,429,410,419,378,431,411,416,430,424,439,471,460,472,494,458,440,479,8,24,5852,6063,11915
5370,MSD Washington Township,88,145,426,408,400,452,394,396,390,406,364,410,380,432,435,425,431,454,411,462,410,471,507,512,488,424,426,444,0,0,5550,5841,11391
5375,MSD Wayne Township,124,189,529,540,542,570,541,575,549,612,555,603,585,623,535,569,569,589,596,582,647,659,682,712,721,724,731,693,0,0,7906,8240,16146
5380,Beech Grove City Schools,23,46,100,82,104,105,84,104,94,104,95,106,99,93,91,106,116,113,101,110,135,114,136,112,104,101,109,103,0,0,1391,1399,2790
5385,Indianapolis Public Schools,354,482,868,889,878,933,840,927,843,989,840,925,843,909,575,663,604,730,604,669,719,711,737,784,726,679,633,651,15,35,10079,10976,21055
5390,Southside Sp Srvs Of Marion Co,0,0,0,2,0,8,2,9,1,10,0,7,3,17,3,19,4,14,3,21,11,12,7,15,6,9,3,6,2,6,45,155,200
5400,School Town of Speedway,3,13,79,73,68,66,74,76,57,62,64,51,57,56,55,56,60,65,63,76,80,81,84,87,63,85,62,58,0,2,869,907,1776
5455,Culver Community Schools Corp,29,24,22,23,28,35,25,31,35,28,28,27,19,32,26,37,36,26,11,28,31,24,35,28,28,27,25,29,0,0,378,399,777
5470,Argos Community Schools,8,10,29,13,29,29,19,21,30,31,32,24,20,24,23,29,28,27,23,19,18,16,30,28,16,25,15,22,0,1,320,319,639
5480,Bremen Public Schools,11,18,46,49,46,52,58,60,62,51,47,50,54,57,54,60,63,71,48,58,65,68,54,64,54,65,53,59,0,0,715,782,1497
5485,Plymouth Community School Corp,45,68,75,87,94,112,112,117,115,134,117,110,118,111,103,118,118,122,134,122,111,153,123,123,122,146,128,124,2,4,1517,1651,3168
5495,Triton School Corporation,6,14,28,35,30,34,32,43,35,48,36,37,37,29,38,35,38,33,31,42,27,49,26,27,34,43,29,35,0,0,427,504,931
5520,Shoals Community School Corp,7,3,14,31,23,18,19,23,32,16,18,19,26,27,27,29,14,23,19,14,21,32,34,30,18,20,19,27,0,0,291,312,603
5525,Loogootee Community Sch Corp,11,13,29,24,21,36,25,36,26,27,33,29,19,26,42,32,23,36,19,26,28,27,29,27,28,21,36,29,2,2,371,391,762
5615,Maconaquah School Corp,33,48,61,84,66,71,62,59,81,74,63,78,74,72,70,71,69,71,60,66,59,66,74,76,75,74,65,61,0,0,912,971,1883
5620,North Miami Community Schools,28,29,30,36,34,22,28,27,26,28,26,20,28,33,25,31,22,24,26,39,36,28,22,33,30,41,32,34,0,0,393,425,818
5625,Oak Hill United School Corp,10,20,50,50,47,45,49,46,48,43,56,57,67,68,51,65,58,70,50,55,64,61,59,76,63,60,72,67,4,2,748,785,1533
5635,Peru Community Schools,3,0,66,76,60,84,82,71,84,71,47,81,71,80,68,72,65,77,60,68,57,64,80,63,66,85,53,74,0,2,862,968,1830
5705,Richland-Bean Blossom C S C,39,62,114,117,131,100,93,97,90,110,99,126,90,104,99,112,108,94,95,119,85,122,92,93,107,96,86,93,2,1,1330,1446,2776
5740,Monroe County Community Sch Corp,195,204,311,308,338,376,304,372,365,427,365,376,389,359,396,378,384,454,350,431,409,446,382,475,366,473,388,433,8,18,4950,5530,10480
5835,North Montgomery Com Sch Corp,47,50,68,75,55,52,60,71,63,78,72,66,55,88,64,64,63,80,67,62,64,86,64,64,69,70,66,64,0,0,877,970,1847
5845,South Montgomery Com Sch Corp,45,56,47,64,53,63,58,76,52,65,55,70,60,52,73,54,58,69,63,75,75,67,52,54,48,59,63,58,0,0,802,882,1684
5855,Crawfordsville Community Schools,83,119,87,98,85,85,94,105,79,99,95,91,89,100,83,102,107,96,110,92,91,99,119,106,112,100,116,86,1,1,1351,1379,2730
5900,Monroe-Gregg School District,8,21,52,62,58,63,50,69,57,62,60,60,52,67,49,68,46,59,61,54,51,54,54,62,70,68,55,75,0,0,723,844,1567
5910,Eminence Community School Corp,8,5,8,8,5,6,9,4,11,10,4,11,10,12,8,7,11,10,15,7,13,10,11,13,10,11,9,13,0,0,132,127,259
5925,MSD Martinsville Schools,69,78,127,137,169,139,131,157,158,155,144,143,159,126,115,135,108,167,138,154,145,157,172,170,148,193,151,150,2,1,1936,2062,3998
5930,Mooresville Con School Corp,34,60,122,147,170,159,144,165,169,154,164,151,161,170,135,173,157,174,180,157,167,174,162,179,164,190,156,180,0,0,2085,2233,4318
5945,North Newton School Corp,0,0,34,31,33,40,40,36,42,39,43,38,27,36,41,38,27,51,29,45,46,43,30,49,41,36,47,40,0,2,480,524,1004
5995,South Newton School Corp,13,17,21,41,30,44,30,35,38,30,41,32,29,29,28,40,25,27,38,33,28,23,41,29,37,28,19,20,0,0,418,428,846
6055,Central Noble Com School Corp,2,8,37,52,22,41,28,48,43,37,27,56,42,42,47,30,37,44,39,51,34,59,39,48,40,46,47,49,0,0,484,611,1095
6060,East Noble School Corporation,41,58,108,116,132,125,105,110,131,123,126,149,117,118,112,129,138,123,131,134,132,134,113,125,119,137,115,137,4,3,1624,1721,3345
6065,West Noble School Corporation,4,17,75,85,82,87,71,79,67,81,70,105,90,78,75,72,88,71,72,81,92,86,92,112,84,92,75,99,6,4,1043,1149,2192
6080,Rising Sun-Ohio Co Com,22,36,36,31,27,28,27,29,24,32,25,31,35,26,25,36,17,40,29,40,36,32,28,23,37,24,29,24,1,1,398,433,831
6145,Orleans Community Schools,12,16,35,35,27,41,35,34,30,45,34,37,30,31,29,28,34,38,44,37,30,25,31,23,33,37,27,29,0,0,431,456,887
6155,Paoli Community School Corp,33,34,41,44,44,51,35,50,46,52,57,42,43,38,38,45,34,47,41,48,41,39,46,55,48,56,37,50,0,0,584,651,1235
6160,Springs Valley Com School Corp,39,36,25,31,34,35,23,39,30,27,20,28,25,40,34,38,28,27,26,28,25,45,25,34,28,31,35,41,0,0,397,480,877
6195,Spencer-Owen Community Schools,46,36,68,92,83,87,70,68,77,91,74,92,75,82,85,81,68,83,71,99,68,97,79,78,66,93,71,76,0,0,1001,1155,2156
6260,Southwest Parke Com Sch Corp,20,27,43,34,38,36,31,28,33,38,42,28,34,33,34,32,35,39,30,39,38,51,42,49,33,36,37,42,0,0,490,512,1002
6325,Perry Central Com Schools Corp,34,48,46,61,43,53,39,56,52,44,48,52,37,44,28,49,39,50,44,45,37,41,52,34,47,42,44,63,1,2,591,684,1275
6340,Cannelton City Schools,8,13,6,15,5,5,1,15,8,8,5,7,6,5,10,5,4,5,7,9,12,4,8,7,8,8,15,7,0,0,103,113,216
6350,Tell City-Troy Twp School Corp,3,14,45,51,51,57,42,60,63,41,52,48,48,51,54,54,48,52,47,51,55,50,41,64,51,50,49,56,2,1,651,700,1351
6375,North Central Parke Comm Schl Corp,18,26,53,57,40,42,41,51,36,52,43,50,40,47,42,54,25,44,40,44,38,44,50,45,29,41,37,51,0,0,532,648,1180
6445,Pike County School Corp,31,26,56,59,67,51,57,54,50,55,51,57,48,66,76,71,52,66,58,60,72,56,49,52,53,56,45,67,0,0,765,796,1561
6460,MSD Boone Township,27,21,32,22,39,42,33,29,37,38,38,30,37,37,36,44,43,33,36,35,27,44,33,42,37,50,34,40,0,0,489,507,996
6470,Duneland School Corporation,13,27,178,165,198,185,197,181,201,186,198,216,212,229,203,221,208,233,205,249,228,250,248,267,241,277,265,239,2,10,2797,2935,5732
6510,East Porter County School Corp,0,0,59,73,73,76,80,77,93,81,94,102,96,94,93,86,94,100,87,96,88,105,79,84,94,88,80,103,0,0,1110,1165,2275
6520,Porter Township School Corp,59,81,50,51,54,57,40,51,47,62,36,54,53,55,49,49,45,51,51,47,57,61,51,61,47,51,61,72,0,6,700,809,1509
6530,Union Township School Corp,13,14,40,41,45,65,45,60,56,58,60,50,59,60,51,67,62,51,55,47,45,49,50,48,45,67,40,43,0,0,666,720,1386
6550,Portage Township Schools,28,51,229,222,235,212,218,233,224,248,250,254,217,249,223,262,211,294,241,255,241,301,274,262,274,310,241,256,2,2,3108,3411,6519
6560,Valparaiso Community Schools,0,0,210,219,231,233,212,225,254,240,225,241,240,251,231,250,218,247,258,251,245,262,271,260,250,273,267,249,5,7,3117,3208,6325
6590,MSD Mount Vernon,17,30,66,71,60,82,66,92,72,79,71,79,72,66,88,87,94,64,72,88,84,94,67,67,64,77,60,67,1,2,954,1045,1999
6600,MSD North Posey Co Schools,30,26,49,48,52,48,35,49,52,54,53,49,54,61,52,56,67,70,51,46,67,62,52,51,54,57,46,64,0,0,714,741,1455
6620,Eastern Pulaski Community Sch Corp,7,17,27,37,44,28,36,40,41,40,28,44,45,39,44,39,42,42,30,42,32,60,36,47,40,49,44,37,0,0,496,561,1057
6630,West Central School Corp,1,3,24,18,24,18,19,20,19,17,23,26,23,34,35,31,15,18,23,33,21,29,26,27,35,21,13,31,0,0,301,326,627
6705,South Putnam Community Schools,23,16,34,48,39,33,34,38,38,39,30,30,38,43,36,52,45,42,49,44,40,42,45,42,46,43,47,49,0,0,544,561,1105
6715,North Putnam Community Schools,20,34,43,37,57,52,51,48,54,58,61,39,59,61,45,57,48,44,47,58,52,42,42,52,53,59,51,46,0,0,683,687,1370
6750,Cloverdale Community Schools,33,43,188,165,205,180,184,175,147,173,150,152,129,150,126,126,103,108,104,87,35,48,35,42,44,33,22,40,1,1,1506,1523,3029
6755,Greencastle Community School Corp,47,66,73,81,57,57,73,65,67,73,72,77,61,69,62,59,64,78,47,73,77,71,51,67,66,64,49,52,0,0,866,952,1818
6795,Union School Corporation,9,10,119,121,136,146,157,172,144,160,136,169,184,196,197,230,254,245,369,344,420,390,639,500,716,525,661,472,0,0,4141,3680,7821
6805,Randolph Southern School Corp,12,21,21,18,21,19,11,20,19,11,18,21,18,13,13,12,21,20,15,13,17,21,16,19,14,20,16,18,0,0,232,246,478
6820,Monroe Central School Corp,40,48,38,43,38,53,45,41,35,41,47,50,42,36,38,45,35,47,41,44,37,42,32,58,31,29,29,45,0,0,528,622,1150
6825,Randolph Central School Corp,37,59,42,58,40,39,57,61,50,47,66,48,38,51,64,45,50,59,50,48,48,43,44,50,47,61,62,44,0,0,695,713,1408
6835,Randolph Eastern School Corp,19,26,29,34,33,39,34,35,30,41,35,32,26,49,32,32,40,43,30,38,20,32,27,24,26,40,38,31,0,0,419,496,915
6865,South Ripley Com Sch Corp,13,10,43,35,39,45,43,37,43,43,32,32,44,44,44,34,38,39,33,51,42,49,43,49,47,47,45,34,2,0,551,549,1100
6895,Batesville Community School Corp,19,20,82,80,74,97,75,95,95,80,82,80,65,88,73,103,91,79,86,75,87,101,70,89,74,97,65,93,4,1,1042,1178,2220
6900,Jac-Cen-Del Community Sch Corp,21,30,15,36,28,33,23,31,25,26,23,26,27,27,26,24,18,25,30,20,30,34,27,32,28,35,46,35,0,0,367,414,781
6910,Milan Community Schools,11,19,42,65,36,48,43,48,36,37,35,42,33,39,43,44,32,39,45,43,41,43,31,35,36,46,39,43,0,1,503,592,1095
6995,Rush County Schools,26,30,76,68,58,63,64,56,61,70,74,53,58,62,76,58,79,82,66,73,70,70,89,81,62,77,90,79,0,1,949,923,1872
7150,John Glenn School Corporation,4,15,71,73,68,70,68,74,88,72,91,70,68,81,78,72,77,67,77,80,74,81,73,83,74,84,75,85,0,0,986,1007,1993
7175,Penn-Harris-Madison School Corp,134,161,313,344,349,389,388,425,402,426,416,415,399,437,416,466,449,434,424,455,428,367,469,445,413,463,416,422,152,112,5568,5761,11329
7200,School City of Mishawaka,42,71,179,175,188,214,195,194,176,187,207,194,174,196,189,229,184,192,181,197,189,197,196,206,176,187,179,155,4,10,2459,2604,5063
7205,South Bend Community School Corp,285,391,483,458,474,512,458,468,460,507,478,466,444,499,432,490,429,492,458,509,510,559,550,536,606,565,585,476,0,0,6652,6928,13580
7215,Union-North United School Corp,0,0,40,40,41,48,51,50,55,41,55,47,49,46,49,37,28,50,39,64,32,45,41,54,61,53,54,51,0,0,595,626,1221
7230,Scott County School District 1,35,39,50,39,51,52,47,44,35,54,40,61,44,54,46,39,42,46,43,38,39,52,53,48,68,56,66,47,0,0,659,669,1328
7255,Scott County School District 2,46,35,89,100,89,98,106,95,113,108,114,104,94,118,89,85,92,102,94,93,81,87,77,97,78,99,82,76,1,0,1245,1297,2542
7285,Shelby Eastern Schools,43,55,38,40,35,43,42,51,37,54,55,48,50,45,55,60,57,45,50,45,44,49,36,48,40,40,40,47,0,0,622,670,1292
7350,Northwestern Con School Corp,30,32,51,29,49,46,40,42,44,49,47,57,44,50,47,51,50,62,58,64,47,64,62,60,63,71,48,56,0,1,680,734,1414
7360,Southwestern Con Sch Shelby Co,25,27,33,24,25,28,27,33,12,32,25,23,16,25,18,32,20,24,21,18,29,28,16,17,23,24,21,23,0,0,311,358,669
7365,Shelbyville Central Schools,129,175,140,149,129,136,116,160,138,134,132,131,123,133,133,163,145,154,141,157,148,139,131,135,135,123,140,140,0,0,1880,2029,3909
7385,North Spencer County Sch Corp,84,84,67,69,71,68,68,59,77,79,79,86,72,84,75,69,84,84,89,84,61,80,70,80,86,83,77,97,0,0,1060,1106,2166
7445,South Spencer County Sch Corp,17,19,34,41,32,42,43,46,27,35,42,45,41,31,42,47,34,24,37,36,38,46,50,44,37,59,36,40,0,0,510,555,1065
7495,Oregon-Davis School Corp,15,24,18,21,23,23,22,15,16,20,16,11,16,21,17,21,22,16,23,17,27,18,12,18,22,21,15,17,0,0,264,263,527
7515,North Judson-San Pierre Sch Corp,1,8,33,34,42,29,31,34,37,31,28,33,24,27,43,36,38,36,37,35,32,39,30,45,36,41,28,44,0,2,440,474,914
7525,Knox Community School Corp,23,36,68,59,57,64,67,68,57,67,60,73,64,69,58,65,55,63,47,53,49,58,64,59,68,76,56,68,2,0,795,878,1673
7605,Fremont Community Schools,0,0,46,27,43,37,30,41,42,51,34,40,33,38,36,31,38,36,37,37,53,37,42,37,34,34,37,28,0,0,505,474,979
7610,Hamilton Community Schools,0,0,11,16,8,17,21,18,18,21,24,10,17,11,19,14,10,11,15,10,13,10,9,16,15,13,9,17,0,2,189,186,375
7615,MSD Steuben County,63,61,93,97,80,89,95,95,93,100,77,105,87,98,75,109,89,84,81,107,78,80,88,79,97,112,88,92,0,0,1184,1308,2492
7645,Northeast School Corp,11,12,28,33,20,28,28,24,21,29,27,26,26,25,31,35,31,29,33,36,24,36,33,24,27,40,22,34,0,0,362,411,773
7715,Southwest School Corporation,15,19,53,69,57,67,58,72,69,60,57,82,68,69,56,91,71,86,53,76,75,77,50,67,71,72,49,67,0,0,802,974,1776
7775,Switzerland County School Corp,7,10,43,55,38,53,44,53,46,67,52,63,53,55,66,43,55,63,36,61,44,61,62,66,49,61,45,66,2,3,642,780,1422
7855,Lafayette School Corporation,22,17,275,309,307,320,283,301,307,302,286,289,269,265,247,250,242,256,245,256,259,256,252,263,244,288,241,239,0,0,3479,3611,7090
7865,Tippecanoe School Corp,0,0,461,471,540,526,515,528,557,597,524,562,525,547,507,536,517,604,514,515,568,552,538,533,493,492,434,506,0,1,6693,6970,13663
7875,West Lafayette Com School Corp,11,22,69,70,79,89,81,91,92,87,77,95,86,79,104,95,101,90,77,96,99,94,104,91,102,79,100,83,0,0,1182,1161,2343
7935,Tri-Central Community Schools,15,12,20,29,30,34,34,27,33,34,32,32,33,32,31,36,20,31,27,26,27,28,16,31,32,27,24,33,0,0,374,412,786
7945,Tipton Community School Corp,16,11,47,43,35,58,46,56,49,60,44,45,56,55,43,57,55,60,43,50,52,54,74,52,39,66,43,57,0,0,642,724,1366
7950,Union Co/Clg Corner Joint Sch Dist,11,23,51,57,45,47,51,58,50,43,46,67,59,46,47,56,43,38,47,56,37,42,50,48,45,40,36,39,0,0,618,660,1278
7995,Evansville Vanderburgh School Corp,224,292,754,795,750,800,728,860,759,817,771,820,780,817,756,817,844,857,806,802,782,928,821,862,854,869,814,810,0,0,10443,11146,21589
8010,North Vermillion Com Sch Corp,18,15,20,31,23,24,13,19,30,15,24,24,25,23,27,36,32,30,31,36,33,34,30,41,34,27,12,24,0,0,352,379,731
8020,South Vermillion Com Sch Corp,15,17,54,52,61,55,60,60,58,63,61,52,66,67,65,67,58,58,50,63,52,66,48,59,52,55,58,56,0,0,758,790,1548
8030,Vigo County School Corp,158,182,562,625,502,516,496,572,550,510,453,516,488,535,457,485,451,517,463,465,496,496,473,487,476,465,423,458,0,0,6448,6829,13277
8045,Manchester Community Schools,33,34,54,44,47,41,48,50,65,58,43,42,48,56,54,42,50,50,46,54,40,42,60,61,59,50,50,56,0,0,697,680,1377
8050,MSD Wabash County Schools,71,76,65,79,60,55,64,70,64,67,75,54,68,81,55,65,68,67,75,68,82,83,108,91,122,134,140,148,0,1,1117,1139,2256
8060,Wabash City Schools,41,52,39,44,51,53,42,44,62,52,43,38,51,56,54,45,59,49,67,52,52,51,71,60,60,54,61,60,0,0,753,710,1463
8115,MSD Warren County,2,10,47,35,40,55,63,52,47,48,52,64,40,57,46,52,63,61,45,55,51,53,57,55,42,64,39,37,0,0,634,698,1332
8130,Warrick County School Corp,28,75,283,344,361,357,332,367,430,381,366,375,377,363,368,399,351,430,371,377,376,404,397,440,374,382,339,401,4,6,4757,5101,9858
8205,Salem Community Schools,1,7,53,59,42,70,61,64,67,64,53,69,73,65,65,58,61,60,46,62,62,75,64,73,51,62,46,57,1,1,746,846,1592
8215,East Washington School Corp,30,25,25,43,43,57,45,52,37,47,56,46,62,48,47,46,45,47,53,70,54,55,48,37,56,40,44,58,0,0,645,671,1316
8220,West Washington School Corp,1,3,35,43,42,42,42,43,34,37,33,33,42,34,31,28,28,38,35,42,31,37,34,39,37,30,28,35,1,1,454,485,939
8305,Nettle Creek School Corporation,32,43,44,39,43,47,36,29,39,30,34,45,41,37,38,44,47,42,36,43,58,54,47,37,43,47,47,50,0,0,585,587,1172
8355,Western Wayne Schools,44,30,21,35,11,28,27,32,25,31,23,28,26,25,25,22,23,18,27,28,20,22,34,22,21,22,27,40,0,2,354,385,739
8360,Centerville-Abington Com Schs,43,38,50,61,79,64,46,60,56,75,61,71,68,62,65,72,76,60,70,60,72,77,73,60,59,66,60,50,1,0,879,876,1755
8375,Northeastern Wayne Schools,35,36,48,42,48,43,37,48,48,54,42,38,48,47,54,42,44,49,55,53,60,57,54,42,59,49,44,61,0,0,676,661,1337
8385,Richmond Community Schools,112,121,159,159,176,169,168,175,161,150,153,141,130,159,151,181,146,166,153,184,158,178,170,199,158,170,139,136,5,9,2139,2297,4436
8425,Southern Wells Com Schools,8,25,27,29,34,26,36,27,32,26,35,41,41,38,34,37,34,39,37,31,35,21,32,28,33,36,26,32,0,0,444,436,880
8435,Norwell Community Schools,36,57,78,80,69,67,77,92,83,91,92,92,77,108,85,109,88,95,87,97,118,103,84,92,103,89,67,97,0,0,1144,1269,2413
8445,MSD Bluffton-Harrison,30,40,62,63,58,76,68,70,71,64,70,78,65,68,51,75,75,77,73,72,69,59,63,97,54,63,47,55,0,0,856,957,1813
8515,North White School Corp,14,28,41,33,33,25,33,27,31,29,39,31,34,37,35,33,31,35,27,36,38,37,30,45,31,33,28,30,0,0,445,459,904
8525,Frontier School Corporation,4,16,26,32,26,32,23,30,28,25,36,18,28,22,18,32,18,23,37,21,20,22,20,24,20,25,26,14,0,0,330,336,666
8535,Tri-County School Corporation,14,16,25,25,27,27,22,36,42,29,21,38,41,29,28,30,37,32,25,31,25,29,28,21,25,30,26,32,0,0,386,405,791
8565,Twin Lakes School Corp,0,0,70,80,96,76,72,78,78,90,79,90,78,95,88,94,93,84,62,79,83,92,73,90,71,78,56,77,0,0,999,1103,2102
8625,Smith-Green Community Schools,0,1,41,39,40,41,38,44,39,37,44,46,51,39,44,36,34,49,35,50,44,39,49,38,47,42,48,44,0,4,554,549,1103
8635,Purdue Polytechnic High Sch North,0,0,0,0,0,0,0,0,0,0,0,0,0,0,0,0,0,0,0,0,11,39,20,53,19,43,9,35,0,0,59,170,229
8655,Excel Center - Bloomington,0,0,0,0,0,0,0,0,0,0,0,0,0,0,0,0,0,0,0,0,0,0,0,0,0,0,74,43,0,0,74,43,117
8665,Whitley County Con Schools,35,59,117,116,132,124,121,139,127,165,129,133,144,137,127,150,137,114,137,137,150,153,125,164,157,162,130,154,4,7,1772,1914,3686
8675,Invent Learning Hub,0,0,23,9,7,14,16,12,23,14,8,12,10,8,10,16,10,5,11,13,0,0,0,0,0,0,0,0,0,0,118,103,221
8685,PLA at George H Fisher School 93,0,0,39,38,42,32,24,31,22,29,24,29,26,30,20,31,0,0,0,0,0,0,0,0,0,0,0,0,0,0,197,220,417
8690,Dynamic Minds Academy,0,0,1,1,2,5,2,3,1,14,2,4,1,4,2,9,5,4,4,10,1,6,2,6,0,10,4,32,0,0,27,108,135
8940,James and Rosemary Phalen Leadership Academy High School,0,0,0,0,0,0,0,0,0,0,0,0,0,0,0,0,0,0,0,0,73,84,74,82,74,71,61,68,0,0,282,305,587
8950,Phalen Leadership Academy at Francis Scott Key School 103,0,0,62,68,59,72,44,57,41,43,31,46,42,50,38,36,0,0,0,0,0,0,0,0,0,0,0,0,0,0,317,372,689
8960,Purdue Polytechnic High School South Bend,0,0,0,0,0,0,0,0,0,0,0,0,0,0,0,0,0,0,0,0,8,16,14,26,15,14,21,24,0,0,58,80,138
8970,GEO Next Generation Academy,0,0,24,18,11,17,17,11,15,14,10,16,19,13,14,5,22,13,22,20,22,17,25,19,14,21,16,24,0,0,231,208,439
8980,The PATH School,4,11,41,36,39,44,35,29,36,41,43,43,31,45,44,36,37,46,32,32,0,0,0,0,0,0,0,0,0,0,342,363,705
9000,Phalen Virtual Leadership Academy,0,0,2,1,4,1,4,5,6,8,8,6,11,5,10,5,10,14,6,21,16,12,29,16,23,9,16,12,0,0,145,115,260
9004,Paramount School of Excellence South Bend,0,0,36,41,32,40,23,24,28,28,35,20,30,29,32,39,10,29,0,0,0,0,0,0,0,0,0,0,0,0,226,250,476
9015,Purdue Polytechnic High School Ind,0,0,0,0,0,0,0,0,0,0,0,0,0,0,0,0,0,0,0,0,65,108,77,87,65,94,35,69,0,0,242,358,600
9022,Paramount School of Excellence Lafayette,0,0,17,14,11,10,8,8,8,20,7,8,9,19,20,18,11,5,0,0,0,0,0,0,0,0,0,0,0,0,91,102,193
9027,Success Academy at Boys and Girls Club,0,0,9,10,6,12,9,9,7,12,9,13,8,9,0,0,0,0,0,0,0,0,0,0,0,0,0,0,0,0,48,65,113
9030,Otwell Miller Academy,0,0,13,7,9,11,7,7,15,4,10,6,9,9,0,0,0,0,0,0,0,0,0,0,0,0,0,0,0,0,63,44,107
9035,Indiana Connections Career Academy,0,0,0,0,0,0,0,0,0,0,0,0,0,0,22,22,31,37,65,54,65,80,90,84,127,91,84,90,0,0,484,458,942
9036,Excel Center - Southeast,0,0,0,0,0,0,0,0,0,0,0,0,0,0,0,0,0,0,0,0,0,0,0,0,1,0,176,96,0,0,177,96,273
9040,Avondale Meadows Middle School,0,0,0,0,0,0,0,0,0,0,0,0,19,28,25,26,22,22,19,31,0,0,0,0,0,0,0,0,0,0,85,107,192
9043,Premier Arts Academy,0,0,21,20,22,24,19,16,22,18,28,20,16,8,15,12,13,12,0,0,0,0,0,0,0,0,0,0,0,0,156,130,286
9045,James & Rosemary Phalen Leadership Academy Middle School,0,0,0,0,0,0,0,0,0,0,0,0,0,0,0,0,70,86,68,72,0,0,0,0,0,0,0,0,0,0,138,158,296
9048,The Portage School of Leaders,0,0,0,0,0,0,0,0,0,0,0,0,0,0,0,0,0,0,0,0,6,16,11,14,7,7,0,0,0,0,24,37,61
9050,Excel Center - Clarksville,0,0,0,0,0,0,0,0,0,0,0,0,0,0,0,0,0,0,0,0,0,0,3,0,1,1,174,150,0,0,178,151,329
9055,Excel Center - Hammond,0,0,0,0,0,0,0,0,0,0,0,0,0,0,0,0,0,0,0,0,0,0,0,0,116,79,6,4,0,0,122,83,205
9059,Excel Center - Grant County,0,0,0,0,0,0,0,0,0,0,0,0,0,0,0,0,0,0,0,0,0,0,0,0,0,0,22,17,0,0,22,17,39
9060,Paramount Cottage Home,0,0,26,35,28,20,44,34,37,35,40,41,23,18,0,0,0,0,0,0,0,0,0,0,0,0,0,0,0,0,198,183,381
9064,Excel Center - Bartholomew County,0,0,0,0,0,0,0,0,0,0,0,0,0,0,0,0,0,0,0,0,0,0,0,0,0,0,34,15,0,0,34,15,49
9065,Allegiant Preparatory Academy,0,0,23,18,17,15,20,7,11,12,11,9,7,16,0,0,0,0,0,0,0,0,0,0,0,0,0,0,0,0,89,77,166
9071,Excel Center - Shadeland,0,0,0,0,0,0,0,0,0,0,0,0,0,0,0,0,0,0,0,0,0,0,0,0,0,0,249,155,0,0,249,155,404
9074,Excel Center - Decatur,0,0,0,0,0,0,0,0,0,0,0,0,0,0,0,0,0,0,0,0,0,0,0,0,0,0,148,111,0,0,148,111,259
9079,Excel Center - Meadows,0,0,0,0,0,0,0,0,0,0,0,0,0,0,0,0,0,0,0,0,0,0,0,0,1,1,244,150,0,0,245,151,396
9085,pilotED Schools,0,1,19,16,15,10,12,18,19,22,19,18,14,15,10,17,0,0,0,0,0,0,0,0,0,0,0,0,0,0,108,117,225
9090,Matchbook Learning  ,0,0,30,39,42,44,25,38,28,54,33,40,47,37,36,51,47,35,41,40,0,0,0,0,0,0,0,0,0,0,329,378,707
9100,Indiana Department of Correction,0,0,0,0,0,0,0,0,0,0,0,0,0,0,0,0,2,5,2,9,14,27,14,48,9,92,11,84,2,62,54,327,381
9120,Hoosier College and Career Academy,0,0,0,0,0,0,0,0,0,0,0,0,0,0,0,0,61,53,138,100,115,88,151,98,166,108,245,161,0,0,876,608,1484
9130,Adelante Schools,0,0,29,16,27,23,20,17,20,21,17,31,20,29,29,25,27,31,29,40,0,0,0,0,0,0,0,0,0,0,218,233,451
9135,KIPP Indy Legacy High,0,0,0,0,0,0,0,0,0,0,0,0,0,0,0,0,0,0,0,0,40,42,43,50,41,60,44,29,0,0,168,181,349
9140,BELIEVE Circle City High School,0,0,0,0,0,0,0,0,0,0,0,0,0,0,0,0,0,0,0,0,47,29,36,35,31,30,29,32,0,0,143,126,269
9145,Herron-Riverside High School,0,0,0,0,0,0,0,0,0,0,0,0,0,0,0,0,0,0,0,0,44,35,59,42,56,58,47,47,0,0,206,182,388
9150,Circle City Prep Charter School,0,0,33,26,32,28,29,19,24,32,29,21,18,30,25,19,13,12,16,12,0,0,0,0,0,0,0,0,0,0,219,199,418
9160,Excel Center - Muncie,0,0,0,0,0,0,0,0,0,0,0,0,0,0,0,0,0,0,0,0,0,0,0,0,0,0,182,106,0,0,182,106,288
9165,Paramount Englewood,0,0,0,0,0,0,0,0,0,0,0,0,9,10,38,36,52,42,42,41,0,0,0,0,0,0,0,0,0,0,141,129,270
9170,Rooted School Indianapolis,0,0,0,0,0,0,0,0,0,0,0,0,0,0,0,0,12,14,14,21,15,12,5,14,10,20,6,7,0,0,62,88,150
9190,Excel Center - Gary ,0,0,0,0,0,0,0,0,0,0,0,0,0,0,0,0,0,0,0,0,0,0,0,0,72,42,8,3,0,0,80,45,125
9195,Timothy L. Johnson Academy Middle ,0,0,0,0,0,0,0,0,0,0,0,0,0,0,30,23,24,21,30,22,0,0,0,0,0,0,0,0,0,0,84,66,150
9305,Excel Center - Richmond,0,0,0,0,0,0,0,0,0,0,0,0,0,0,0,0,0,0,0,0,0,0,0,0,2,1,140,96,0,0,142,97,239
9310,Charter School of the Dunes,28,17,51,46,41,41,37,39,43,45,48,52,43,42,58,36,45,41,49,34,0,0,0,0,0,0,0,0,0,0,443,393,836
9315,Signature School Inc,0,0,0,0,0,0,0,0,0,0,0,0,0,0,0,0,0,0,0,0,55,51,52,39,45,43,55,44,0,0,207,177,384
9320,Community Montessori Inc,2,4,26,21,19,20,13,27,17,25,14,19,12,19,16,21,22,16,20,19,18,24,17,13,17,17,17,12,0,0,230,257,487
9325,Options Charter Schools,0,0,0,0,0,0,0,0,0,0,0,0,0,0,11,10,14,25,38,34,51,52,55,74,128,101,223,227,0,0,520,523,1043
9330,Irvington Community School,0,0,0,0,0,0,0,0,0,0,0,0,0,0,0,0,0,0,0,0,40,37,32,57,43,32,42,43,0,0,157,169,326
9331,Irvington Community Elementary School,3,11,22,37,37,31,34,30,33,34,31,27,34,38,0,0,0,0,0,0,0,0,0,0,0,0,0,0,0,0,194,208,402
9332,Irvington Community Middle School,0,0,0,0,0,0,0,0,0,0,0,0,0,0,33,45,40,43,48,29,0,0,0,0,0,0,0,0,0,0,121,117,238
9335,Excel Center - West,0,0,0,0,0,0,0,0,0,0,0,0,0,0,0,0,0,0,0,0,0,0,0,0,0,1,242,167,0,0,242,168,410
9337,Girls IN STEM Academy,0,0,19,0,6,0,4,0,7,0,8,0,4,0,7,0,0,0,0,0,0,0,0,0,0,0,0,0,0,0,55,0,55
9342,The Match,0,0,0,0,0,0,0,0,0,0,0,0,0,0,0,0,0,0,0,0,25,24,0,0,0,0,0,0,0,0,25,24,49
9345,Excel Center - Lafayette,0,0,0,0,0,0,0,0,0,0,0,0,0,0,0,0,0,0,0,0,0,0,0,0,3,1,188,174,0,0,191,175,366
9347,Excel Center of West Central Indiana,0,0,0,0,0,0,0,0,0,0,0,0,0,0,0,0,0,0,0,0,55,48,14,16,1,1,3,1,0,0,73,66,139
9350,Timothy L Johnson Academy,0,0,35,43,36,36,49,37,39,46,34,25,33,27,0,0,0,0,0,0,0,0,0,0,0,0,0,0,0,0,226,214,440
9353,Indiana Agriculture & Technology School - USI Campus,0,0,0,0,0,0,0,0,0,0,0,0,0,0,0,0,3,7,7,7,3,4,1,1,2,1,1,1,0,0,17,21,38
9355,Excel Center - Kokomo,0,0,0,0,0,0,0,0,0,0,0,0,0,0,0,0,0,0,0,0,1,0,0,0,4,5,203,179,0,0,208,184,392
9358,Excel Center of Evansville Southeast,0,0,0,0,0,0,0,0,0,0,0,0,0,0,0,0,0,0,0,0,0,0,0,0,103,55,0,0,0,0,103,55,158
9365,Enlace Academy,0,0,41,36,37,37,45,31,43,35,41,32,42,34,41,38,33,44,28,48,0,0,0,0,0,0,0,0,0,0,351,335,686
9380,Christel House Academy South,0,0,18,20,23,33,27,29,23,25,28,27,31,29,37,27,36,33,29,38,72,62,65,71,46,50,44,48,0,0,479,492,971
9385,Christel House DORS,0,0,0,0,0,0,0,0,0,0,0,0,0,0,0,0,0,0,0,0,0,0,0,0,0,0,0,0,643,419,643,419,1062
9395,Christel House Academy West,0,0,24,24,32,22,23,31,30,24,30,24,25,30,23,30,24,31,34,24,0,0,0,0,0,0,0,0,0,0,245,240,485
9400,KIPP Indy College Prep Middle,0,0,0,0,0,0,0,0,0,0,0,0,0,0,63,59,54,74,57,65,0,0,0,0,0,0,0,0,0,0,174,198,372
9410,KIPP Indy Unite Elementary,0,0,55,64,65,65,57,60,72,64,51,53,56,59,0,0,0,0,0,0,0,0,0,0,0,0,0,0,0,0,356,365,721
9425,Tindley Genesis Academy,0,0,31,31,24,30,25,28,28,30,29,35,17,22,17,21,0,0,0,0,0,0,0,0,0,0,0,0,0,0,171,197,368
9430,Tindley Summit Academy,0,0,58,45,27,29,24,16,12,16,10,26,7,16,15,11,0,0,0,0,0,0,0,0,0,0,0,0,0,0,153,159,312
9445,Charles A Tindley Accelerated Sch,0,0,0,0,0,0,0,0,0,0,0,0,0,0,0,0,29,30,33,39,21,33,24,34,19,18,16,13,0,0,142,167,309
9460,Thea Bowman Leadership Academy,0,0,26,21,28,20,23,25,33,26,29,32,26,16,33,37,33,40,41,34,41,41,32,37,23,26,28,22,0,0,396,377,773
9485,SE Neighborhood Sch of Excellence,0,0,26,35,23,33,30,29,29,42,31,30,41,27,29,43,30,36,45,29,0,0,0,0,0,0,0,0,0,0,284,304,588
9495,Joshua Academy,0,0,30,15,21,24,22,25,18,13,17,21,14,18,2,14,0,0,0,0,0,0,0,0,0,0,0,0,0,0,124,130,254
9505,Indiana Agriculture and Technology,0,0,0,0,0,0,0,0,0,0,0,0,0,0,0,0,14,7,22,25,34,36,34,41,50,52,55,70,0,1,209,232,441
9531,Paramount Online Academy,0,0,3,2,9,6,4,4,7,8,0,7,5,7,15,12,18,15,19,22,0,0,0,0,0,0,0,0,0,0,80,83,163
9533,Promise Prep,0,0,19,16,13,16,8,17,9,17,9,6,8,6,0,0,0,0,0,0,0,0,0,0,0,0,0,0,0,0,66,78,144
9535,Gary Lighthouse Charter School,0,0,36,36,36,41,33,30,34,39,39,39,38,43,39,40,37,47,43,44,72,55,51,62,58,57,49,40,0,0,565,573,1138
9536,Lawrence County Independent Schools,0,0,9,14,13,13,11,15,16,17,10,11,11,13,11,12,9,3,10,7,0,0,0,0,0,0,0,0,0,0,100,105,205
9537,The Nature School of Central Indiana,0,0,9,16,13,12,13,14,8,14,3,11,10,11,5,8,4,10,11,3,0,0,0,0,0,0,0,0,0,0,76,99,175
9538,Herron Preparatory Academy,0,0,26,37,41,31,33,36,35,39,31,19,28,22,30,20,0,0,0,0,0,0,0,0,0,0,0,0,0,0,224,204,428
9539,Excel Center - Elkhart,0,0,0,0,0,0,0,0,0,0,0,0,0,0,0,0,0,0,0,0,0,0,0,0,163,92,1,4,0,0,164,96,260
9545,21st Century Charter Sch of Gary,0,0,51,56,43,44,56,45,43,39,45,36,48,50,33,34,50,43,46,38,61,57,50,37,41,47,51,36,0,0,618,562,1180
9555,East Chicago Urban Enterprise Academy,0,0,20,23,22,25,33,19,21,23,25,21,24,24,26,24,23,27,19,25,0,0,0,0,0,0,0,0,0,0,213,211,424
9575,Victory College Prep,0,0,25,41,42,42,33,44,43,42,43,41,44,45,42,49,36,54,46,43,44,64,33,45,42,25,19,31,0,0,492,566,1058
9595,East Chicago Lighthouse Charter,0,0,32,28,30,31,28,20,26,32,22,31,30,27,24,28,26,37,19,24,0,0,0,0,0,0,0,0,0,0,237,258,495
9605,IN Sch for the Blind & Vis Imprd,0,1,0,0,0,0,1,2,0,2,1,3,7,2,6,3,7,3,3,4,4,6,8,5,4,6,2,1,7,5,50,43,93
9610,Indiana School For The Deaf,7,7,12,5,6,4,13,11,8,13,16,12,11,12,13,11,25,14,10,15,14,13,10,10,16,9,9,4,0,1,170,141,311
9615,Andrew J Brown Academy,0,0,24,33,21,37,23,28,26,24,17,24,27,25,22,23,20,27,15,19,0,0,0,0,0,0,0,0,0,0,195,240,435
9620,Burris Laboratory School,0,0,18,16,24,16,24,20,19,22,25,21,19,29,34,33,37,27,29,34,32,32,34,25,35,17,24,29,0,1,354,322,676
9625,Indiana Academy for Sci Math Hmn ,0,0,0,0,0,0,0,0,0,0,0,0,0,0,0,0,0,0,0,0,0,0,11,6,54,45,50,52,0,0,115,103,218
9645,Avondale Meadows Academy,0,0,32,42,40,35,38,28,31,32,25,29,0,0,0,0,0,0,0,0,0,0,0,0,0,0,0,0,0,0,166,166,332
9650,Herron Charter,0,0,0,0,0,0,0,0,0,0,0,0,0,0,0,0,0,0,0,0,151,100,144,98,152,96,151,89,0,0,598,383,981
9651,"The Hope Academy, Inc.",0,0,0,0,0,0,0,0,0,0,0,0,0,0,0,0,0,0,0,0,1,1,3,3,6,7,7,3,0,0,17,14,31
9665,Geist Montessori Academy,0,0,27,29,24,20,19,25,19,20,11,27,11,15,8,17,8,9,1,1,0,0,0,0,0,0,0,0,0,0,128,163,291
9670,Indianapolis Metropolitan High Sch,0,0,0,0,0,0,0,0,0,0,0,0,0,0,0,0,0,0,0,0,10,13,17,27,27,38,24,38,0,0,78,116,194
9680,Paramount Brookside ,0,0,45,45,56,42,49,48,42,52,41,55,45,47,49,46,48,45,38,50,0,0,0,0,0,0,0,0,0,0,413,430,843
9685,Aspire Charter Academy,0,0,43,34,36,42,43,37,39,38,34,42,37,40,38,35,47,30,32,37,0,0,0,0,0,0,0,0,0,0,349,335,684
9690,Renaissance Academy Charter School,0,0,19,6,12,11,22,12,18,9,19,14,19,17,11,5,15,10,12,13,0,0,0,0,0,0,0,0,0,0,147,97,244
9705,Hammond Academy of Science & Tech,0,0,0,0,0,0,0,0,0,0,0,0,0,0,49,46,50,43,58,38,31,44,34,40,36,45,29,35,0,0,287,291,578
9722,Springville Community Academy,13,10,17,21,21,20,14,15,7,8,6,13,8,11,20,10,4,11,11,13,0,0,0,0,0,0,0,0,0,0,121,132,253
9725,Canaan Community Academy,0,0,13,8,18,26,8,11,14,14,12,12,10,14,3,8,5,8,8,3,0,0,0,0,0,0,0,0,0,0,91,104,195
9730,Neighbors' New Vistas High School,0,0,0,0,0,0,0,0,0,0,0,0,0,0,0,0,0,0,0,0,4,5,7,16,19,18,25,32,4,9,59,80,139
9735,Inspire Academy - A Sch of Inquiry,6,4,13,9,15,8,13,13,11,14,15,11,6,11,4,11,9,6,10,12,0,0,0,0,0,0,0,0,0,0,102,99,201
9737,Liberty Grove Schools,0,0,13,10,13,14,24,10,14,21,17,20,18,16,18,19,0,0,0,0,0,0,0,0,0,0,0,0,0,0,117,110,227
9750,Excel Center - Anderson,0,0,0,0,0,0,0,0,0,0,0,0,0,0,0,0,0,0,0,0,0,0,1,0,2,3,198,117,0,0,201,120,321
9760,Smith Academy for Excellence,0,0,0,0,0,0,0,0,0,2,0,3,0,3,0,5,0,7,0,15,0,7,0,9,0,5,0,8,0,0,0,64,64
9785,IN Math & Science Academy,0,0,33,37,32,31,37,25,23,30,34,29,31,33,34,31,34,27,29,24,0,0,0,0,0,0,0,0,0,0,287,267,554
9790,Anderson Preparatory Academy,0,0,27,22,29,19,36,22,21,18,21,25,26,27,19,26,39,33,36,42,37,40,36,54,31,34,20,37,0,0,378,399,777
9829,Monarca Academy,0,0,0,0,0,0,0,0,0,0,0,0,0,0,28,37,36,36,46,36,0,0,0,0,0,0,0,0,0,0,110,109,219
9835,The Bloomington Project School,0,0,20,17,27,12,20,17,23,22,15,21,13,22,20,21,12,13,9,13,0,0,0,0,0,0,0,0,0,0,159,158,317
9840,Excel Center - University Heights,0,0,0,0,0,0,0,0,0,0,0,0,0,0,0,0,0,0,0,0,0,0,0,0,0,0,306,126,0,0,306,126,432
9855,Excel Center - Noblesville,0,0,0,0,0,0,0,0,0,0,0,0,0,0,0,0,0,0,0,0,0,0,0,0,0,0,138,78,0,0,138,78,216
9870,Discovery Charter School,0,0,30,31,30,38,30,35,37,37,36,36,27,41,21,29,26,18,13,21,0,0,0,0,0,0,0,0,0,0,250,286,536
9875,Rock Creek Community Academy,0,0,35,30,28,21,30,33,30,32,37,22,39,25,28,29,27,23,24,27,15,26,22,23,17,16,11,22,0,0,343,329,672
9880,Career Academy High School,0,0,0,0,0,0,0,0,0,0,0,0,0,0,0,0,0,0,0,0,50,74,59,61,48,75,49,65,0,0,206,275,481
9885,Gary Middle College,0,0,0,0,0,0,0,0,0,0,0,0,0,0,0,0,0,0,0,0,9,10,20,13,28,22,54,46,0,0,111,91,202
9895,IN Math & Science Academy - North,0,0,20,19,21,27,25,20,22,18,17,31,21,28,22,25,28,34,26,49,23,39,27,36,13,27,22,17,0,0,287,370,657
9900,Excel Center - South Bend,0,0,0,0,0,0,0,0,0,0,0,0,0,0,0,0,0,0,0,0,0,0,0,0,163,126,6,1,0,0,169,127,296
9905,Indiana Connections Academy,0,0,81,74,70,87,97,94,91,111,96,110,124,133,145,137,213,158,277,207,304,251,394,303,496,395,555,373,0,0,2943,2433,5376
9910,Excel Center - Michigan Street,0,0,0,0,0,0,0,0,0,0,0,0,0,0,0,0,0,0,0,0,0,0,0,0,0,0,234,151,0,0,234,151,385
9920,Damar Charter Academy,0,0,1,1,1,1,1,6,1,4,0,4,4,8,4,7,4,9,6,13,2,22,8,9,5,16,10,33,0,0,47,133,180
9925,Phalen Leadership Academy - IN Inc,0,0,12,22,13,17,8,16,13,19,16,11,10,18,18,7,10,15,14,8,0,0,0,0,0,0,0,0,0,0,114,133,247
9935,Vision Academy,0,0,16,25,21,33,22,27,19,24,27,18,16,14,16,21,23,23,23,23,0,0,0,0,0,0,0,0,0,0,183,208,391
9950,Dugger Union Community School Corp,0,0,18,26,16,13,21,29,14,18,19,23,17,16,23,21,19,29,22,34,32,24,26,25,20,15,22,17,0,0,269,290,559
9954,Phalen Leadership Academy at Louis B Russell School 48,8,12,22,16,20,16,20,20,17,23,22,19,12,16,18,13,0,0,0,0,0,0,0,0,0,0,0,0,0,0,139,135,274
9955,Mays Community Academy,0,0,7,8,11,4,13,4,8,9,4,6,10,7,3,7,0,0,0,0,0,0,0,0,0,0,0,0,0,0,56,45,101
9960,Success Academy Primary School,0,0,50,53,49,59,49,54,60,40,44,58,53,41,0,0,0,0,0,0,0,0,0,0,0,0,0,0,0,0,305,305,610
9965,Career Academy Middle School,0,0,0,0,0,0,0,0,0,0,0,0,0,0,70,65,69,62,77,71,0,0,0,0,0,0,0,0,0,0,216,198,414
9970,ACE Preparatory Academy,0,0,7,11,12,12,9,9,12,4,7,9,10,11,5,13,0,0,0,0,0,0,0,0,0,0,0,0,0,0,62,69,131
9975,Global Preparatory Academy,0,0,48,54,44,50,42,44,45,46,53,41,28,37,42,33,36,39,30,30,0,0,0,0,0,0,0,0,0,0,368,374,742
9980,Steel City Academy,0,0,9,8,11,10,9,12,11,10,13,10,9,16,16,11,12,13,6,9,12,11,9,11,19,9,12,8,0,0,148,138,286
9985,Seven Oaks Classical School,0,0,29,27,33,25,25,27,27,27,25,29,23,30,20,24,18,20,25,25,9,15,15,26,17,5,9,11,0,0,275,291,566
9990,Higher Institute of Arts & Tech,0,0,12,23,14,13,11,13,13,8,18,13,11,12,17,21,22,13,9,16,0,0,0,0,0,0,0,0,0,0,127,132,259
9995,Excel Center - Shelbyville,0,0,0,0,0,0,0,0,0,0,0,0,0,0,0,0,0,0,0,0,0,1,1,0,1,2,79,47,0,0,81,50,131
