Corporation ID,Corporation Name,American Indian IREAD Pass N,American Indian IREAD Test N,American Indian IREAD Pass %,Asian IREAD Pass N,Asian IREAD Test N,Asian IREAD Pass %,Black IREAD Pass N,Black IREAD Test N,Black IREAD Pass %,Hispanic IREAD Pass N,Hispanic IREAD Test N,Hispanic IREAD Pass %,Multiracial IREAD Pass N,Multiracial IREAD Test N,Multiracial IREAD Pass %,Native Hawaiian or Other Pacific Islander IREAD Pass N,Native Hawaiian or Other Pacific Islander IREAD Test N,Native Hawaiian or Other Pacific Islander IREAD Pass %,White IREAD Pass N,White IREAD Test N,White IREAD Pass %,Paid meals IREAD Pass N,Paid meals IREAD Test N,Paid meals IREAD Pass %,Free/Reduced price meals IREAD Pass N,Free/Reduced price meals IREAD Test N,Free/Reduced price meals IREAD Pass %,Non-English Language Learner IREAD Pass N,Non-English Language Learner IREAD Test N,Non-English Language Learner IREAD Pass %,English Language Learner IREAD Pass N,English Language Learner IREAD Test N,English Language Learner IREAD Pass %,General Education IREAD Pass N,General Education IREAD Test N,General Education IREAD Pass %,Special Education IREAD Pass N,Special Education IREAD Test N,Special Education IREAD Pass %
0015,Adams Central Community Schools,0.0,0.0,0.0,0.0,1.0,0.0,0.0,0.0,0.0,0.0,5.0,0.0,0.0,4.0,0.0,0.0,0.0,0.0,69.0,78.0,0.88461538461,49.0,58.0,0.8448275862,26.0,30.0,0.86666666666,75,85,0.88235294117,0.0,3.0,0.0,67.0,74.0,0.9054054054,8.0,14.0,0.57142857142
0025,North Adams Community Schools,0.0,0.0,0.0,0.0,1.0,0.0,0.0,2.0,0.0,10.0,11.0,0.90909090909,6.0,10.0,0.6,0.0,0.0,0.0,59.0,74.0,0.79729729729,37.0,44.0,0.8409090909,40.0,54.0,0.74074074074,75,96,0.78125,0.0,2.0,0.0,63.0,72.0,0.875,14.0,26.0,0.53846153846
0035,South Adams Schools,0.0,0.0,0.0,0.0,3.0,0.0,0.0,1.0,0.0,0.0,7.0,0.0,0.0,3.0,0.0,0.0,0.0,0.0,72.0,79.0,0.91139240506,43.0,47.0,0.91489361702,38.0,46.0,0.82608695652,73,80,0.9125,8.0,13.0,0.61538461538,57.0,62.0,0.9193548387,24.0,31.0,0.77419354838
0125,MSD Southwest Allen County Schls,0.0,2.0,0.0,22.0,27.0,0.81481481481,31.0,41.0,0.75609756097,36.0,46.0,0.78260869565,33.0,39.0,0.84615384615,0.0,0.0,0.0,360.0,381.0,0.94488188976,368.0,389.0,0.94601542416,116.0,147.0,0.78911564625,474,520,0.91153846153,10.0,16.0,0.625,434.0,459.0,0.94553376906,50.0,77.0,0.64935064935
0225,Northwest Allen County Schools,0.0,3.0,0.0,39.0,41.0,0.95121951219,22.0,25.0,0.88,26.0,33.0,0.78787878787,26.0,27.0,0.96296296296,0.0,1.0,0.0,410.0,456.0,0.89912280701,414.0,444.0,0.93243243243,113.0,142.0,0.79577464788,504,554,0.90974729241,23.0,32.0,0.71875,453.0,471.0,0.96178343949,74.0,115.0,0.64347826086
0235,Fort Wayne Community Schools,0.0,3.0,0.0,107.0,137.0,0.78102189781,330.0,480.0,0.6875,340.0,504.0,0.6746031746,203.0,259.0,0.78378378378,0.0,1.0,0.0,676.0,787.0,0.85895806861,640.0,780.0,0.82051282051,1019.0,1391.0,0.73256649892,1407,1775,0.79267605633,252.0,396.0,0.63636363636,1450.0,1743.0,0.83189902467,209.0,428.0,0.488317757
0255,East Allen County Schools,0.0,0.0,0.0,56.0,92.0,0.60869565217,46.0,77.0,0.5974025974,55.0,70.0,0.78571428571,40.0,48.0,0.83333333333,0.0,0.0,0.0,362.0,405.0,0.89382716049,297.0,334.0,0.88922155688,262.0,358.0,0.73184357541,491,582,0.84364261168,68.0,110.0,0.61818181818,488.0,560.0,0.87142857142,71.0,132.0,0.53787878787
0365,Bartholomew Con School Corp,0.0,1.0,0.0,83.0,91.0,0.91208791208,16.0,19.0,0.84210526315,120.0,176.0,0.68181818181,33.0,36.0,0.91666666666,0.0,0.0,0.0,470.0,528.0,0.89015151515,392.0,437.0,0.89702517162,331.0,414.0,0.79951690821,621,702,0.88461538461,102.0,149.0,0.68456375838,633.0,705.0,0.89787234042,90.0,146.0,0.61643835616
0370,Flat Rock-Hawcreek School Corp,0.0,0.0,0.0,0.0,1.0,0.0,0.0,1.0,0.0,0.0,2.0,0.0,0.0,4.0,0.0,0.0,0.0,0.0,44.0,48.0,0.91666666666,22.0,24.0,0.91666666666,29.0,32.0,0.90625,50,55,0.90909090909,0.0,1.0,0.0,44.0,44.0,1.0,7.0,12.0,0.58333333333
0395,Benton Community School Corp,0.0,0.0,0.0,0.0,0.0,0.0,0.0,0.0,0.0,0.0,9.0,0.0,0.0,2.0,0.0,0.0,0.0,0.0,76.0,91.0,0.83516483516,37.0,43.0,0.86046511627,46.0,59.0,0.77966101694,81,96,0.84375,0.0,6.0,0.0,70.0,81.0,0.86419753086,13.0,21.0,0.61904761904
0515,Blackford County Schools,0.0,0.0,0.0,0.0,0.0,0.0,0.0,1.0,0.0,0.0,6.0,0.0,0.0,9.0,0.0,0.0,0.0,0.0,71.0,94.0,0.75531914893,40.0,47.0,0.85106382978,45.0,63.0,0.71428571428,84,108,0.77777777777,0.0,2.0,0.0,67.0,78.0,0.85897435897,18.0,32.0,0.5625
0615,Western Boone Co Com Sch Dist,0.0,0.0,0.0,0.0,0.0,0.0,0.0,0.0,0.0,0.0,8.0,0.0,0.0,0.0,0.0,0.0,0.0,0.0,100.0,113.0,0.88495575221,64.0,71.0,0.9014084507,40.0,50.0,0.8,104,120,0.86666666666,0.0,1.0,0.0,95.0,97.0,0.97938144329,9.0,24.0,0.375
0630,Zionsville Community Schools,0.0,2.0,0.0,49.0,51.0,0.96078431372,15.0,17.0,0.88235294117,31.0,36.0,0.86111111111,28.0,30.0,0.93333333333,0.0,0.0,0.0,442.0,463.0,0.9546436285,534.0,559.0,0.95527728085,33.0,40.0,0.825,548,574,0.95470383275,19.0,25.0,0.76,497.0,509.0,0.97642436149,70.0,90.0,0.77777777777
0665,Lebanon Community School Corp,0.0,1.0,0.0,0.0,4.0,0.0,16.0,26.0,0.61538461538,26.0,35.0,0.74285714285,9.0,12.0,0.75,0.0,0.0,0.0,164.0,192.0,0.85416666666,118.0,136.0,0.86764705882,101.0,134.0,0.75373134328,206,245,0.84081632653,13.0,25.0,0.52,176.0,196.0,0.89795918367,43.0,74.0,0.58108108108
0670,Brown County School Corporation,0.0,0.0,0.0,0.0,0.0,0.0,0.0,1.0,0.0,0.0,3.0,0.0,0.0,6.0,0.0,0.0,0.0,0.0,89.0,99.0,0.89898989898,51.0,55.0,0.92727272727,47.0,54.0,0.87037037037,98,108,0.9074074074,0.0,1.0,0.0,85.0,90.0,0.94444444444,13.0,19.0,0.68421052631
0750,Carroll Consolidated School Corp,0.0,0.0,0.0,0.0,0.0,0.0,0.0,0.0,0.0,0.0,2.0,0.0,0.0,5.0,0.0,0.0,0.0,0.0,54.0,65.0,0.83076923076,29.0,33.0,0.87878787878,30.0,39.0,0.76923076923,59,72,0.81944444444,0.0,0.0,0.0,56.0,62.0,0.90322580645,3.0,10.0,0.3
0755,Delphi Community School Corp,0.0,1.0,0.0,0.0,0.0,0.0,0.0,1.0,0.0,11.0,12.0,0.91666666666,0.0,1.0,0.0,0.0,0.0,0.0,67.0,94.0,0.71276595744,42.0,49.0,0.85714285714,38.0,60.0,0.63333333333,77,106,0.72641509433,0.0,3.0,0.0,75.0,93.0,0.8064516129,5.0,16.0,0.3125
0775,Pioneer Regional School Corp,0.0,0.0,0.0,0.0,1.0,0.0,0.0,0.0,0.0,0.0,2.0,0.0,0.0,2.0,0.0,0.0,0.0,0.0,45.0,58.0,0.77586206896,25.0,29.0,0.86206896551,23.0,34.0,0.67647058823,47,62,0.75806451612,0.0,1.0,0.0,45.0,54.0,0.83333333333,0.0,9.0,0.0
0815,Lewis Cass Schools ,0.0,0.0,0.0,0.0,2.0,0.0,0.0,1.0,0.0,0.0,7.0,0.0,0.0,5.0,0.0,0.0,0.0,0.0,76.0,90.0,0.84444444444,45.0,53.0,0.84905660377,41.0,52.0,0.78846153846,83,100,0.83,0.0,5.0,0.0,81.0,87.0,0.93103448275,5.0,18.0,0.27777777777
0875,Logansport Community Sch Corp,0.0,0.0,0.0,0.0,8.0,0.0,3.0,15.0,0.2,93.0,163.0,0.57055214723,13.0,15.0,0.86666666666,0.0,0.0,0.0,105.0,132.0,0.79545454545,71.0,107.0,0.66355140186,151.0,226.0,0.66814159292,137,179,0.76536312849,85.0,154.0,0.55194805194,209.0,290.0,0.72068965517,13.0,43.0,0.30232558139
0935,Borden-Henryville School Corporation,0.0,0.0,0.0,0.0,0.0,0.0,0.0,0.0,0.0,0.0,2.0,0.0,0.0,8.0,0.0,0.0,0.0,0.0,88.0,98.0,0.89795918367,60.0,64.0,0.9375,35.0,44.0,0.79545454545,95,108,0.87962962962,0.0,0.0,0.0,73.0,76.0,0.96052631578,22.0,32.0,0.6875
0945,Silver Creek School Corporation,0.0,0.0,0.0,0.0,2.0,0.0,0.0,3.0,0.0,21.0,27.0,0.77777777777,0.0,9.0,0.0,0.0,0.0,0.0,170.0,200.0,0.85,130.0,140.0,0.92857142857,73.0,101.0,0.72277227722,190,224,0.84821428571,13.0,17.0,0.76470588235,174.0,189.0,0.92063492063,29.0,52.0,0.55769230769
1000,Clarksville Community School Corp,0.0,0.0,0.0,0.0,3.0,0.0,21.0,38.0,0.55263157894,24.0,40.0,0.6,19.0,31.0,0.6129032258,0.0,0.0,0.0,71.0,127.0,0.55905511811,64.0,104.0,0.61538461538,73.0,135.0,0.54074074074,125,219,0.5707762557,12.0,20.0,0.6,127.0,189.0,0.67195767195,10.0,50.0,0.2
1010,Greater Clark County Schools,0.0,2.0,0.0,11.0,11.0,1.0,80.0,97.0,0.82474226804,74.0,121.0,0.61157024793,90.0,109.0,0.82568807339,0.0,5.0,0.0,359.0,410.0,0.87560975609,286.0,319.0,0.89655172413,334.0,436.0,0.76605504587,576,676,0.85207100591,44.0,79.0,0.55696202531,535.0,600.0,0.89166666666,85.0,155.0,0.54838709677
1125,Clay Community Schools,0.0,0.0,0.0,0.0,0.0,0.0,0.0,0.0,0.0,0.0,6.0,0.0,10.0,10.0,1.0,0.0,0.0,0.0,260.0,287.0,0.90592334494,123.0,130.0,0.94615384615,153.0,173.0,0.88439306358,276,303,0.9108910891,0.0,0.0,0.0,196.0,197.0,0.99492385786,80.0,106.0,0.75471698113
1150,Clinton Central School Corporation,0.0,0.0,0.0,0.0,0.0,0.0,0.0,1.0,0.0,0.0,7.0,0.0,0.0,2.0,0.0,0.0,0.0,0.0,48.0,54.0,0.88888888888,27.0,30.0,0.9,28.0,34.0,0.82352941176,54,60,0.9,0.0,4.0,0.0,48.0,51.0,0.94117647058,7.0,13.0,0.53846153846
1160,Clinton Prairie School Corporation,0.0,0.0,0.0,0.0,0.0,0.0,0.0,1.0,0.0,0.0,5.0,0.0,0.0,3.0,0.0,0.0,0.0,0.0,86.0,91.0,0.94505494505,50.0,53.0,0.94339622641,43.0,47.0,0.91489361702,93,100,0.93,0.0,0.0,0.0,81.0,83.0,0.97590361445,12.0,17.0,0.70588235294
1170,Community Schools of Frankfort,0.0,0.0,0.0,0.0,2.0,0.0,0.0,1.0,0.0,78.0,117.0,0.66666666666,0.0,6.0,0.0,0.0,1.0,0.0,79.0,89.0,0.88764044943,0.0,6.0,0.0,163.0,210.0,0.77619047619,116,134,0.86567164179,49.0,82.0,0.5975609756,148.0,177.0,0.83615819209,17.0,39.0,0.43589743589
1180,Rossville Con School District,0.0,0.0,0.0,0.0,1.0,0.0,0.0,0.0,0.0,0.0,3.0,0.0,0.0,0.0,0.0,0.0,0.0,0.0,68.0,80.0,0.85,50.0,55.0,0.90909090909,22.0,29.0,0.75862068965,72,84,0.85714285714,0.0,0.0,0.0,69.0,74.0,0.93243243243,3.0,10.0,0.3
1300,Crawford County Community Sch Corp,0.0,0.0,0.0,0.0,0.0,0.0,0.0,0.0,0.0,0.0,0.0,0.0,0.0,2.0,0.0,0.0,0.0,0.0,69.0,87.0,0.79310344827,32.0,32.0,1.0,39.0,57.0,0.68421052631,71,89,0.79775280898,0.0,0.0,0.0,56.0,63.0,0.88888888888,15.0,26.0,0.57692307692
1315,Barr-Reeve Community Schools Inc,0.0,0.0,0.0,0.0,0.0,0.0,0.0,1.0,0.0,0.0,0.0,0.0,0.0,1.0,0.0,0.0,0.0,0.0,74.0,81.0,0.91358024691,53.0,56.0,0.94642857142,23.0,27.0,0.85185185185,76,83,0.9156626506,0.0,0.0,0.0,68.0,71.0,0.95774647887,8.0,12.0,0.66666666666
1375,North Daviess Com Schools,0.0,0.0,0.0,0.0,0.0,0.0,0.0,0.0,0.0,0.0,2.0,0.0,0.0,3.0,0.0,0.0,1.0,0.0,82.0,88.0,0.93181818181,54.0,54.0,1.0,34.0,40.0,0.85,84,89,0.94382022471,0.0,5.0,0.0,75.0,76.0,0.98684210526,13.0,18.0,0.72222222222
1405,Washington Community Schools,0.0,0.0,0.0,0.0,1.0,0.0,6.0,15.0,0.4,23.0,43.0,0.53488372093,0.0,5.0,0.0,0.0,0.0,0.0,82.0,107.0,0.76635514018,64.0,81.0,0.79012345679,52.0,90.0,0.57777777777,95,131,0.72519083969,21.0,40.0,0.525,98.0,117.0,0.8376068376,18.0,54.0,0.33333333333
1560,Sunman-Dearborn Com Sch Corp,0.0,0.0,0.0,0.0,2.0,0.0,0.0,0.0,0.0,0.0,2.0,0.0,0.0,5.0,0.0,0.0,0.0,0.0,248.0,274.0,0.90510948905,209.0,226.0,0.92477876106,47.0,57.0,0.8245614035,256,283,0.90459363957,0.0,0.0,0.0,222.0,228.0,0.97368421052,34.0,55.0,0.61818181818
1600,South Dearborn Community Sch Corp,0.0,0.0,0.0,0.0,0.0,0.0,0.0,1.0,0.0,0.0,3.0,0.0,0.0,1.0,0.0,0.0,0.0,0.0,109.0,121.0,0.90082644628,59.0,65.0,0.90769230769,55.0,61.0,0.90163934426,114,126,0.90476190476,0.0,0.0,0.0,86.0,86.0,1.0,28.0,40.0,0.7
1620,Lawrenceburg Community School Corp,0.0,0.0,0.0,0.0,2.0,0.0,0.0,2.0,0.0,0.0,5.0,0.0,0.0,6.0,0.0,0.0,1.0,0.0,124.0,128.0,0.96875,87.0,90.0,0.96666666666,52.0,54.0,0.96296296296,138,142,0.97183098591,0.0,2.0,0.0,104.0,105.0,0.99047619047,35.0,39.0,0.89743589743
1655,Decatur County Community Schools,0.0,0.0,0.0,0.0,0.0,0.0,0.0,0.0,0.0,0.0,3.0,0.0,0.0,4.0,0.0,0.0,0.0,0.0,119.0,130.0,0.91538461538,56.0,58.0,0.96551724137,70.0,79.0,0.88607594936,126,137,0.91970802919,0.0,0.0,0.0,113.0,114.0,0.99122807017,13.0,23.0,0.5652173913
1730,Greensburg Community Schools,0.0,0.0,0.0,0.0,0.0,0.0,0.0,1.0,0.0,11.0,12.0,0.91666666666,0.0,5.0,0.0,0.0,0.0,0.0,133.0,135.0,0.98518518518,63.0,63.0,1.0,87.0,90.0,0.96666666666,146,148,0.98648648648,0.0,5.0,0.0,120.0,120.0,1.0,30.0,33.0,0.90909090909
1805,DeKalb Co Eastern Com Sch Dist,0.0,0.0,0.0,0.0,0.0,0.0,0.0,0.0,0.0,0.0,4.0,0.0,0.0,1.0,0.0,0.0,0.0,0.0,87.0,91.0,0.95604395604,42.0,43.0,0.97674418604,50.0,53.0,0.94339622641,91,95,0.95789473684,0.0,1.0,0.0,72.0,72.0,1.0,20.0,24.0,0.83333333333
1820,Garrett-Keyser-Butler Com Sch Corp,0.0,0.0,0.0,0.0,0.0,0.0,0.0,0.0,0.0,0.0,7.0,0.0,0.0,4.0,0.0,0.0,1.0,0.0,93.0,112.0,0.83035714285,49.0,56.0,0.875,53.0,68.0,0.7794117647,102,122,0.83606557377,0.0,2.0,0.0,84.0,88.0,0.95454545454,18.0,36.0,0.5
1835,DeKalb Co Ctl United Sch Dist,0.0,0.0,0.0,0.0,2.0,0.0,0.0,0.0,0.0,14.0,20.0,0.7,0.0,7.0,0.0,0.0,1.0,0.0,220.0,241.0,0.91286307053,130.0,139.0,0.93525179856,113.0,132.0,0.85606060606,238,265,0.89811320754,0.0,6.0,0.0,203.0,211.0,0.96208530805,40.0,60.0,0.66666666666
1875,Delaware Community School Corp,0.0,2.0,0.0,0.0,1.0,0.0,0.0,3.0,0.0,0.0,3.0,0.0,11.0,11.0,1.0,0.0,0.0,0.0,140.0,153.0,0.91503267973,75.0,79.0,0.9493670886,84.0,94.0,0.89361702127,159,173,0.9190751445,0.0,0.0,0.0,121.0,122.0,0.99180327868,38.0,51.0,0.74509803921
1885,Wes-Del Community Schools,0.0,0.0,0.0,0.0,0.0,0.0,0.0,0.0,0.0,0.0,2.0,0.0,0.0,2.0,0.0,0.0,0.0,0.0,57.0,62.0,0.9193548387,28.0,29.0,0.96551724137,33.0,37.0,0.89189189189,61,66,0.92424242424,0.0,0.0,0.0,54.0,54.0,1.0,7.0,12.0,0.58333333333
1895,Liberty-Perry Community Sch Corp,0.0,0.0,0.0,0.0,0.0,0.0,0.0,0.0,0.0,0.0,3.0,0.0,0.0,6.0,0.0,0.0,0.0,0.0,63.0,75.0,0.84,68.0,82.0,0.82926829268,0.0,2.0,0.0,70,84,0.83333333333,0.0,0.0,0.0,58.0,61.0,0.95081967213,12.0,23.0,0.52173913043
1900,Cowan Community School Corp,0.0,0.0,0.0,0.0,0.0,0.0,0.0,1.0,0.0,0.0,1.0,0.0,0.0,2.0,0.0,0.0,0.0,0.0,47.0,57.0,0.8245614035,25.0,31.0,0.8064516129,24.0,30.0,0.8,49,61,0.80327868852,0.0,0.0,0.0,42.0,49.0,0.85714285714,7.0,12.0,0.58333333333
1910,Yorktown Community Schools,0.0,0.0,0.0,0.0,3.0,0.0,0.0,9.0,0.0,13.0,15.0,0.86666666666,17.0,18.0,0.94444444444,0.0,0.0,0.0,153.0,169.0,0.90532544378,120.0,128.0,0.9375,74.0,86.0,0.86046511627,193,212,0.91037735849,0.0,2.0,0.0,172.0,177.0,0.97175141242,22.0,37.0,0.59459459459
1940,Daleville Community Schools,0.0,0.0,0.0,0.0,0.0,0.0,0.0,1.0,0.0,0.0,0.0,0.0,0.0,4.0,0.0,0.0,0.0,0.0,68.0,74.0,0.91891891891,32.0,32.0,1.0,41.0,47.0,0.87234042553,73,79,0.92405063291,0.0,0.0,0.0,61.0,61.0,1.0,12.0,18.0,0.66666666666
1970,Muncie Community Schools,0.0,1.0,0.0,3.0,10.0,0.3,41.0,71.0,0.57746478873,16.0,21.0,0.7619047619,47.0,72.0,0.65277777777,0.0,0.0,0.0,151.0,196.0,0.77040816326,101.0,137.0,0.73722627737,158.0,234.0,0.67521367521,252,356,0.70786516853,7.0,15.0,0.46666666666,228.0,290.0,0.78620689655,31.0,81.0,0.38271604938
2040,Northeast Dubois Co Sch Corp,0.0,0.0,0.0,0.0,0.0,0.0,0.0,0.0,0.0,0.0,3.0,0.0,0.0,2.0,0.0,0.0,0.0,0.0,38.0,44.0,0.86363636363,32.0,36.0,0.88888888888,11.0,13.0,0.84615384615,43,49,0.8775510204,0.0,0.0,0.0,35.0,36.0,0.97222222222,8.0,13.0,0.61538461538
2100,Southeast Dubois Co Sch Corp,0.0,0.0,0.0,0.0,0.0,0.0,0.0,0.0,0.0,0.0,5.0,0.0,0.0,0.0,0.0,0.0,0.0,0.0,77.0,88.0,0.875,57.0,63.0,0.90476190476,22.0,30.0,0.73333333333,78,91,0.85714285714,0.0,2.0,0.0,67.0,71.0,0.94366197183,12.0,22.0,0.54545454545
2110,Southwest Dubois Co Sch Corp,0.0,0.0,0.0,0.0,0.0,0.0,0.0,0.0,0.0,52.0,69.0,0.7536231884,0.0,1.0,0.0,0.0,0.0,0.0,84.0,91.0,0.92307692307,65.0,68.0,0.95588235294,72.0,93.0,0.77419354838,111,121,0.9173553719,26.0,40.0,0.65,106.0,119.0,0.89075630252,31.0,42.0,0.73809523809
2120,Greater Jasper Consolidated Schs,0.0,0.0,0.0,0.0,3.0,0.0,0.0,5.0,0.0,50.0,57.0,0.87719298245,0.0,6.0,0.0,0.0,0.0,0.0,206.0,215.0,0.95813953488,165.0,175.0,0.94285714285,104.0,111.0,0.93693693693,233,247,0.94331983805,36.0,39.0,0.92307692307,223.0,231.0,0.96536796536,46.0,55.0,0.83636363636
2155,Fairfield Community Schools,0.0,0.0,0.0,0.0,1.0,0.0,0.0,1.0,0.0,0.0,7.0,0.0,0.0,4.0,0.0,0.0,0.0,0.0,156.0,162.0,0.96296296296,132.0,137.0,0.96350364963,34.0,38.0,0.8947368421,140,148,0.94594594594,26.0,27.0,0.96296296296,150.0,154.0,0.97402597402,16.0,21.0,0.7619047619
2260,Baugo Community Schools,0.0,1.0,0.0,0.0,1.0,0.0,0.0,3.0,0.0,18.0,21.0,0.85714285714,0.0,8.0,0.0,0.0,0.0,0.0,78.0,87.0,0.89655172413,75.0,86.0,0.87209302325,33.0,35.0,0.94285714285,99,110,0.9,9.0,11.0,0.81818181818,103.0,106.0,0.9716981132,5.0,15.0,0.33333333333
2270,Concord Community Schools,0.0,1.0,0.0,0.0,4.0,0.0,25.0,36.0,0.69444444444,117.0,170.0,0.68823529411,12.0,17.0,0.70588235294,0.0,0.0,0.0,130.0,142.0,0.91549295774,111.0,127.0,0.87401574803,177.0,243.0,0.72839506172,191,229,0.83406113537,97.0,141.0,0.68794326241,261.0,317.0,0.82334384858,27.0,53.0,0.50943396226
2275,Middlebury Community Schools,0.0,1.0,0.0,0.0,1.0,0.0,0.0,1.0,0.0,36.0,40.0,0.9,13.0,14.0,0.92857142857,0.0,0.0,0.0,223.0,239.0,0.9330543933,170.0,178.0,0.95505617977,104.0,118.0,0.8813559322,250,266,0.93984962406,24.0,30.0,0.8,235.0,242.0,0.97107438016,39.0,54.0,0.72222222222
2285,Wa-Nee Community Schools,0.0,0.0,0.0,0.0,2.0,0.0,0.0,5.0,0.0,16.0,28.0,0.57142857142,11.0,12.0,0.91666666666,0.0,0.0,0.0,167.0,179.0,0.93296089385,120.0,128.0,0.9375,81.0,98.0,0.82653061224,185,204,0.90686274509,16.0,22.0,0.72727272727,176.0,187.0,0.94117647058,25.0,39.0,0.64102564102
2305,Elkhart Community Schools,0.0,0.0,0.0,0.0,6.0,0.0,64.0,123.0,0.52032520325,208.0,347.0,0.59942363112,62.0,85.0,0.7294117647,0.0,0.0,0.0,209.0,285.0,0.73333333333,206.0,306.0,0.67320261437,341.0,540.0,0.63148148148,435,639,0.6807511737,112.0,207.0,0.54106280193,482.0,681.0,0.70778267254,65.0,165.0,0.39393939393
2315,Goshen Community Schools,0.0,2.0,0.0,0.0,5.0,0.0,7.0,11.0,0.63636363636,142.0,218.0,0.65137614678,14.0,17.0,0.82352941176,0.0,0.0,0.0,138.0,181.0,0.76243093922,117.0,160.0,0.73125,190.0,274.0,0.69343065693,218,294,0.74149659863,89.0,140.0,0.63571428571,276.0,348.0,0.79310344827,31.0,86.0,0.36046511627
2395,Fayette County School Corporation,0.0,0.0,0.0,0.0,1.0,0.0,0.0,0.0,0.0,0.0,4.0,0.0,0.0,9.0,0.0,0.0,0.0,0.0,164.0,195.0,0.84102564102,57.0,63.0,0.90476190476,120.0,146.0,0.82191780821,176,208,0.84615384615,0.0,1.0,0.0,147.0,161.0,0.91304347826,30.0,48.0,0.625
2400,New Albany-Floyd Co Con Sch,0.0,2.0,0.0,10.0,10.0,1.0,56.0,74.0,0.75675675675,48.0,64.0,0.75,58.0,66.0,0.87878787878,0.0,0.0,0.0,517.0,571.0,0.9054290718,442.0,475.0,0.93052631578,249.0,312.0,0.79807692307,668,754,0.88594164456,23.0,33.0,0.69696969696,581.0,614.0,0.94625407166,110.0,173.0,0.63583815028
2435,Attica Consolidated School Corp,0.0,0.0,0.0,0.0,0.0,0.0,0.0,0.0,0.0,0.0,0.0,0.0,0.0,1.0,0.0,0.0,0.0,0.0,31.0,32.0,0.96875,16.0,16.0,1.0,16.0,17.0,0.94117647058,30,31,0.96774193548,0.0,2.0,0.0,23.0,23.0,1.0,9.0,10.0,0.9
2440,Covington Community School Corp,0.0,0.0,0.0,0.0,1.0,0.0,0.0,1.0,0.0,0.0,3.0,0.0,0.0,1.0,0.0,0.0,0.0,0.0,47.0,55.0,0.85454545454,32.0,35.0,0.91428571428,20.0,26.0,0.76923076923,52,60,0.86666666666,0.0,1.0,0.0,47.0,50.0,0.94,5.0,11.0,0.45454545454
2455,Southeast Fountain School Corp,0.0,0.0,0.0,0.0,0.0,0.0,0.0,2.0,0.0,0.0,7.0,0.0,0.0,0.0,0.0,0.0,0.0,0.0,71.0,76.0,0.93421052631,40.0,42.0,0.95238095238,37.0,43.0,0.86046511627,75,81,0.92592592592,0.0,4.0,0.0,66.0,71.0,0.92957746478,11.0,14.0,0.78571428571
2475,Franklin County Community Sch Corp,0.0,0.0,0.0,0.0,0.0,0.0,0.0,1.0,0.0,0.0,2.0,0.0,0.0,1.0,0.0,0.0,0.0,0.0,103.0,122.0,0.84426229508,57.0,61.0,0.9344262295,48.0,65.0,0.73846153846,105,126,0.83333333333,0.0,0.0,0.0,84.0,92.0,0.91304347826,21.0,34.0,0.61764705882
2645,Rochester Community School Corp,0.0,0.0,0.0,0.0,0.0,0.0,0.0,1.0,0.0,0.0,8.0,0.0,0.0,8.0,0.0,0.0,0.0,0.0,100.0,115.0,0.86956521739,54.0,60.0,0.9,62.0,72.0,0.86111111111,112,127,0.88188976377,0.0,5.0,0.0,107.0,110.0,0.97272727272,9.0,22.0,0.40909090909
2650,Caston School Corporation,0.0,0.0,0.0,0.0,0.0,0.0,0.0,0.0,0.0,0.0,2.0,0.0,0.0,1.0,0.0,0.0,0.0,0.0,48.0,60.0,0.8,16.0,18.0,0.88888888888,34.0,45.0,0.75555555555,50,63,0.79365079365,0.0,0.0,0.0,44.0,45.0,0.97777777777,6.0,18.0,0.33333333333
2725,East Gibson School Corporation,0.0,0.0,0.0,0.0,1.0,0.0,0.0,0.0,0.0,0.0,0.0,0.0,0.0,2.0,0.0,0.0,0.0,0.0,48.0,55.0,0.87272727272,28.0,28.0,1.0,21.0,30.0,0.7,49,57,0.8596491228,0.0,1.0,0.0,41.0,43.0,0.95348837209,8.0,15.0,0.53333333333
2735,North Gibson School Corporation,0.0,0.0,0.0,0.0,2.0,0.0,0.0,4.0,0.0,0.0,8.0,0.0,0.0,7.0,0.0,0.0,0.0,0.0,89.0,106.0,0.8396226415,44.0,53.0,0.83018867924,59.0,74.0,0.79729729729,100,123,0.81300813008,0.0,4.0,0.0,94.0,105.0,0.89523809523,9.0,22.0,0.40909090909
2765,South Gibson School Corporation,0.0,1.0,0.0,0.0,1.0,0.0,0.0,3.0,0.0,0.0,6.0,0.0,0.0,5.0,0.0,0.0,0.0,0.0,93.0,105.0,0.88571428571,73.0,81.0,0.9012345679,33.0,40.0,0.825,105,119,0.88235294117,0.0,2.0,0.0,91.0,94.0,0.96808510638,15.0,27.0,0.55555555555
2815,Eastbrook Community Sch Corp,0.0,0.0,0.0,0.0,0.0,0.0,0.0,2.0,0.0,0.0,8.0,0.0,0.0,2.0,0.0,0.0,0.0,0.0,81.0,92.0,0.8804347826,56.0,60.0,0.93333333333,35.0,44.0,0.79545454545,91,104,0.875,0.0,0.0,0.0,76.0,79.0,0.96202531645,15.0,25.0,0.6
2825,Madison-Grant United School Corp,0.0,0.0,0.0,0.0,0.0,0.0,0.0,8.0,0.0,0.0,6.0,0.0,0.0,3.0,0.0,0.0,0.0,0.0,61.0,77.0,0.7922077922,32.0,46.0,0.69565217391,37.0,48.0,0.77083333333,69,94,0.73404255319,0.0,0.0,0.0,57.0,72.0,0.79166666666,12.0,22.0,0.54545454545
2855,Mississinewa Community School Corp,0.0,2.0,0.0,0.0,1.0,0.0,0.0,3.0,0.0,12.0,14.0,0.85714285714,13.0,16.0,0.8125,0.0,0.0,0.0,86.0,110.0,0.78181818181,44.0,48.0,0.91666666666,71.0,98.0,0.72448979591,115,146,0.78767123287,0.0,0.0,0.0,100.0,117.0,0.8547008547,15.0,29.0,0.51724137931
2865,Marion Community Schools,0.0,1.0,0.0,0.0,1.0,0.0,39.0,55.0,0.70909090909,22.0,32.0,0.6875,27.0,38.0,0.71052631578,0.0,0.0,0.0,95.0,118.0,0.80508474576,51.0,61.0,0.83606557377,134.0,184.0,0.72826086956,178,235,0.75744680851,7.0,10.0,0.7,173.0,215.0,0.80465116279,12.0,30.0,0.4
2920,Bloomfield School District,0.0,0.0,0.0,0.0,1.0,0.0,0.0,0.0,0.0,0.0,1.0,0.0,0.0,0.0,0.0,0.0,0.0,0.0,57.0,66.0,0.86363636363,34.0,37.0,0.91891891891,25.0,31.0,0.8064516129,59,68,0.86764705882,0.0,0.0,0.0,52.0,55.0,0.94545454545,7.0,13.0,0.53846153846
2940,Eastern Greene Schools,0.0,0.0,0.0,0.0,0.0,0.0,0.0,0.0,0.0,0.0,0.0,0.0,0.0,1.0,0.0,0.0,0.0,0.0,63.0,77.0,0.81818181818,33.0,40.0,0.825,31.0,38.0,0.81578947368,64,78,0.82051282051,0.0,0.0,0.0,57.0,61.0,0.9344262295,7.0,17.0,0.41176470588
2950,Linton-Stockton School Corporation,0.0,0.0,0.0,0.0,0.0,0.0,0.0,1.0,0.0,0.0,0.0,0.0,0.0,1.0,0.0,0.0,0.0,0.0,85.0,98.0,0.86734693877,53.0,59.0,0.89830508474,34.0,41.0,0.82926829268,87,100,0.87,0.0,0.0,0.0,79.0,80.0,0.9875,8.0,20.0,0.4
2960,MSD Shakamak Schools,0.0,0.0,0.0,0.0,0.0,0.0,0.0,0.0,0.0,0.0,2.0,0.0,0.0,0.0,0.0,0.0,0.0,0.0,39.0,41.0,0.95121951219,15.0,15.0,1.0,26.0,28.0,0.92857142857,41,43,0.95348837209,0.0,0.0,0.0,30.0,30.0,1.0,11.0,13.0,0.84615384615
2980,White River Valley School District,0.0,0.0,0.0,0.0,0.0,0.0,0.0,0.0,0.0,0.0,4.0,0.0,0.0,1.0,0.0,0.0,0.0,0.0,47.0,62.0,0.75806451612,20.0,22.0,0.90909090909,31.0,45.0,0.68888888888,51,67,0.76119402985,0.0,0.0,0.0,44.0,47.0,0.93617021276,7.0,20.0,0.35
3005,Hamilton Southeastern Schools,0.0,2.0,0.0,171.0,181.0,0.94475138121,100.0,106.0,0.94339622641,107.0,138.0,0.77536231884,116.0,122.0,0.95081967213,0.0,2.0,0.0,918.0,954.0,0.96226415094,1151.0,1212.0,0.94966996699,264.0,293.0,0.90102389078,1287,1346,0.95616641901,128.0,159.0,0.80503144654,1305.0,1350.0,0.96666666666,110.0,155.0,0.70967741935
3025,Hamilton Heights School Corp,0.0,0.0,0.0,0.0,0.0,0.0,0.0,0.0,0.0,0.0,7.0,0.0,9.0,10.0,0.9,0.0,0.0,0.0,119.0,144.0,0.82638888888,86.0,102.0,0.8431372549,47.0,59.0,0.79661016949,132,158,0.83544303797,0.0,3.0,0.0,119.0,130.0,0.91538461538,14.0,31.0,0.45161290322
3030,Westfield-Washington Schools,0.0,2.0,0.0,40.0,48.0,0.83333333333,25.0,38.0,0.65789473684,50.0,71.0,0.70422535211,43.0,46.0,0.93478260869,0.0,0.0,0.0,542.0,576.0,0.94097222222,589.0,637.0,0.92464678178,113.0,144.0,0.78472222222,669,723,0.92531120331,33.0,58.0,0.56896551724,606.0,640.0,0.946875,96.0,141.0,0.68085106382
3055,Sheridan Community Schools,0.0,0.0,0.0,0.0,0.0,0.0,0.0,1.0,0.0,0.0,6.0,0.0,0.0,2.0,0.0,0.0,0.0,0.0,68.0,80.0,0.85,38.0,45.0,0.84444444444,35.0,44.0,0.79545454545,73,89,0.8202247191,0.0,0.0,0.0,62.0,65.0,0.95384615384,11.0,24.0,0.45833333333
3060,Carmel Clay Schools,0.0,3.0,0.0,178.0,195.0,0.91282051282,39.0,42.0,0.92857142857,69.0,97.0,0.71134020618,53.0,58.0,0.91379310344,0.0,2.0,0.0,744.0,792.0,0.93939393939,969.0,1035.0,0.93623188405,119.0,154.0,0.77272727272,1026,1094,0.93784277879,62.0,95.0,0.65263157894,974.0,1021.0,0.95396669931,114.0,168.0,0.67857142857
3070,Noblesville Schools,0.0,4.0,0.0,20.0,20.0,1.0,29.0,39.0,0.74358974358,57.0,83.0,0.68674698795,31.0,35.0,0.88571428571,0.0,2.0,0.0,555.0,600.0,0.925,529.0,565.0,0.93628318584,167.0,218.0,0.76605504587,648,708,0.91525423728,48.0,75.0,0.64,596.0,633.0,0.94154818325,100.0,150.0,0.66666666666
3115,New Palestine Community Schools,0.0,1.0,0.0,0.0,5.0,0.0,0.0,5.0,0.0,9.0,10.0,0.9,0.0,6.0,0.0,0.0,0.0,0.0,235.0,249.0,0.9437751004,198.0,205.0,0.96585365853,61.0,71.0,0.85915492957,256,272,0.94117647058,0.0,4.0,0.0,208.0,214.0,0.97196261682,51.0,62.0,0.82258064516
3125,Greenfield-Central Com Schools,0.0,0.0,0.0,0.0,4.0,0.0,9.0,12.0,0.75,12.0,14.0,0.85714285714,17.0,20.0,0.85,0.0,0.0,0.0,233.0,258.0,0.90310077519,142.0,156.0,0.91025641025,132.0,152.0,0.86842105263,267,299,0.89297658862,0.0,9.0,0.0,240.0,247.0,0.97165991902,34.0,61.0,0.55737704918
3135,Mt Vernon Community School Corp,0.0,2.0,0.0,0.0,6.0,0.0,29.0,35.0,0.82857142857,22.0,26.0,0.84615384615,21.0,25.0,0.84,0.0,0.0,0.0,230.0,241.0,0.95435684647,203.0,208.0,0.97596153846,107.0,127.0,0.84251968503,297,319,0.93103448275,13.0,16.0,0.8125,256.0,260.0,0.98461538461,54.0,75.0,0.72
3145,Eastern Hancock Co Com Sch Corp,0.0,0.0,0.0,0.0,0.0,0.0,0.0,0.0,0.0,0.0,0.0,0.0,0.0,2.0,0.0,0.0,0.0,0.0,79.0,85.0,0.9294117647,50.0,50.0,1.0,31.0,37.0,0.83783783783,81,87,0.93103448275,0.0,0.0,0.0,62.0,64.0,0.96875,19.0,23.0,0.82608695652
3160,Lanesville Community School Corp,0.0,0.0,0.0,0.0,1.0,0.0,0.0,0.0,0.0,0.0,3.0,0.0,0.0,1.0,0.0,0.0,0.0,0.0,68.0,69.0,0.98550724637,58.0,59.0,0.98305084745,15.0,15.0,1.0,72,73,0.98630136986,0.0,1.0,0.0,66.0,66.0,1.0,0.0,8.0,0.0
3180,North Harrison Com School Corp,0.0,0.0,0.0,0.0,1.0,0.0,0.0,1.0,0.0,0.0,3.0,0.0,0.0,3.0,0.0,0.0,0.0,0.0,138.0,158.0,0.87341772151,68.0,72.0,0.94444444444,78.0,94.0,0.82978723404,146,166,0.87951807228,0.0,0.0,0.0,121.0,123.0,0.98373983739,25.0,43.0,0.58139534883
3190,South Harrison Com Schools,0.0,0.0,0.0,0.0,0.0,0.0,0.0,1.0,0.0,15.0,20.0,0.75,0.0,6.0,0.0,0.0,0.0,0.0,193.0,225.0,0.85777777777,111.0,121.0,0.9173553719,102.0,131.0,0.77862595419,210,247,0.85020242914,0.0,5.0,0.0,191.0,201.0,0.95024875621,22.0,51.0,0.43137254901
3295,North West Hendricks Schools,0.0,0.0,0.0,0.0,3.0,0.0,0.0,9.0,0.0,0.0,6.0,0.0,0.0,5.0,0.0,0.0,0.0,0.0,116.0,117.0,0.99145299145,110.0,111.0,0.99099099099,29.0,29.0,1.0,135,136,0.99264705882,0.0,4.0,0.0,115.0,115.0,1.0,24.0,25.0,0.96
3305,Brownsburg Community School Corp,0.0,0.0,0.0,26.0,27.0,0.96296296296,139.0,149.0,0.93288590604,51.0,57.0,0.8947368421,39.0,45.0,0.86666666666,0.0,0.0,0.0,413.0,427.0,0.96721311475,470.0,487.0,0.96509240246,198.0,218.0,0.90825688073,617,648,0.95216049382,51.0,57.0,0.8947368421,601.0,612.0,0.98202614379,67.0,93.0,0.72043010752
3315,Avon Community School Corp,0.0,0.0,0.0,36.0,39.0,0.92307692307,198.0,232.0,0.85344827586,64.0,83.0,0.77108433734,44.0,50.0,0.88,0.0,2.0,0.0,342.0,372.0,0.9193548387,401.0,429.0,0.93473193473,285.0,349.0,0.81661891117,570,626,0.91054313099,116.0,152.0,0.76315789473,589.0,642.0,0.91744548286,97.0,136.0,0.71323529411
3325,Danville Community School Corp,0.0,0.0,0.0,0.0,2.0,0.0,19.0,19.0,1.0,0.0,9.0,0.0,11.0,13.0,0.84615384615,0.0,1.0,0.0,169.0,171.0,0.98830409356,143.0,144.0,0.99305555555,68.0,71.0,0.95774647887,198,202,0.9801980198,13.0,13.0,1.0,182.0,184.0,0.98913043478,29.0,31.0,0.93548387096
3330,Plainfield Community School Corp,0.0,0.0,0.0,0.0,9.0,0.0,32.0,41.0,0.78048780487,28.0,36.0,0.77777777777,25.0,27.0,0.92592592592,0.0,0.0,0.0,275.0,304.0,0.90460526315,252.0,269.0,0.93680297397,115.0,148.0,0.77702702702,346,386,0.89637305699,21.0,31.0,0.67741935483,310.0,331.0,0.93655589123,57.0,86.0,0.66279069767
3335,Mill Creek Community Sch Corp,0.0,0.0,0.0,0.0,0.0,0.0,0.0,1.0,0.0,0.0,3.0,0.0,0.0,3.0,0.0,0.0,0.0,0.0,87.0,97.0,0.89690721649,56.0,61.0,0.91803278688,35.0,43.0,0.81395348837,90,101,0.89108910891,0.0,3.0,0.0,72.0,75.0,0.96,19.0,29.0,0.65517241379
3405,Blue River Valley Schools,0.0,0.0,0.0,0.0,0.0,0.0,0.0,0.0,0.0,0.0,1.0,0.0,0.0,5.0,0.0,0.0,0.0,0.0,28.0,34.0,0.82352941176,19.0,22.0,0.86363636363,13.0,18.0,0.72222222222,32,40,0.8,0.0,0.0,0.0,26.0,27.0,0.96296296296,6.0,13.0,0.46153846153
3415,South Henry School Corp,0.0,0.0,0.0,0.0,0.0,0.0,0.0,0.0,0.0,0.0,3.0,0.0,0.0,1.0,0.0,0.0,0.0,0.0,40.0,44.0,0.90909090909,28.0,29.0,0.96551724137,16.0,19.0,0.84210526315,43,47,0.91489361702,0.0,1.0,0.0,39.0,40.0,0.975,0.0,8.0,0.0
3435,Shenandoah School Corporation,0.0,0.0,0.0,0.0,0.0,0.0,0.0,0.0,0.0,0.0,4.0,0.0,0.0,2.0,0.0,0.0,0.0,0.0,70.0,82.0,0.85365853658,44.0,48.0,0.91666666666,31.0,40.0,0.775,75,87,0.86206896551,0.0,1.0,0.0,67.0,74.0,0.9054054054,8.0,14.0,0.57142857142
3445,New Castle Community School Corp,0.0,0.0,0.0,0.0,2.0,0.0,0.0,6.0,0.0,10.0,13.0,0.76923076923,18.0,22.0,0.81818181818,0.0,0.0,0.0,151.0,174.0,0.86781609195,74.0,83.0,0.89156626506,111.0,134.0,0.82835820895,184,213,0.86384976525,0.0,4.0,0.0,156.0,166.0,0.93975903614,29.0,51.0,0.56862745098
3455,C A Beard Memorial School Corp,0.0,0.0,0.0,0.0,0.0,0.0,0.0,0.0,0.0,0.0,0.0,0.0,0.0,2.0,0.0,0.0,0.0,0.0,70.0,80.0,0.875,44.0,48.0,0.91666666666,28.0,34.0,0.82352941176,72,82,0.87804878048,0.0,0.0,0.0,58.0,58.0,1.0,14.0,24.0,0.58333333333
3460,Taylor Community School Corp,0.0,0.0,0.0,0.0,0.0,0.0,6.0,11.0,0.54545454545,0.0,4.0,0.0,7.0,11.0,0.63636363636,0.0,0.0,0.0,39.0,55.0,0.70909090909,22.0,30.0,0.73333333333,33.0,51.0,0.64705882352,54,79,0.68354430379,0.0,2.0,0.0,48.0,68.0,0.70588235294,7.0,13.0,0.53846153846
3470,Northwestern School Corp,0.0,1.0,0.0,0.0,0.0,0.0,0.0,0.0,0.0,0.0,5.0,0.0,0.0,4.0,0.0,0.0,0.0,0.0,101.0,110.0,0.91818181818,72.0,78.0,0.92307692307,38.0,42.0,0.90476190476,110,120,0.91666666666,0.0,0.0,0.0,88.0,92.0,0.95652173913,22.0,28.0,0.78571428571
3480,Eastern Howard School Corporation,0.0,0.0,0.0,0.0,0.0,0.0,0.0,0.0,0.0,0.0,3.0,0.0,0.0,8.0,0.0,0.0,0.0,0.0,84.0,106.0,0.79245283018,54.0,62.0,0.87096774193,38.0,55.0,0.6909090909,92,117,0.78632478632,0.0,0.0,0.0,84.0,105.0,0.8,8.0,12.0,0.66666666666
3490,Western School Corporation,0.0,0.0,0.0,0.0,8.0,0.0,0.0,6.0,0.0,11.0,11.0,1.0,8.0,10.0,0.8,0.0,0.0,0.0,130.0,149.0,0.87248322147,100.0,109.0,0.91743119266,62.0,75.0,0.82666666666,158,180,0.87777777777,0.0,4.0,0.0,141.0,146.0,0.96575342465,21.0,38.0,0.55263157894
3500,Kokomo School Corporation,0.0,2.0,0.0,0.0,6.0,0.0,43.0,67.0,0.64179104477,22.0,27.0,0.81481481481,56.0,78.0,0.71794871794,0.0,0.0,0.0,166.0,198.0,0.83838383838,104.0,124.0,0.83870967741,191.0,254.0,0.75196850393,292,372,0.78494623655,0.0,6.0,0.0,264.0,320.0,0.825,31.0,58.0,0.53448275862
3625,Huntington Co Com Sch Corp,0.0,0.0,0.0,0.0,1.0,0.0,0.0,1.0,0.0,12.0,18.0,0.66666666666,7.0,10.0,0.7,0.0,0.0,0.0,282.0,329.0,0.85714285714,153.0,168.0,0.91071428571,150.0,191.0,0.78534031413,299,353,0.84702549575,0.0,6.0,0.0,242.0,256.0,0.9453125,61.0,103.0,0.5922330097
3640,Medora Community School Corp,0.0,0.0,0.0,0.0,0.0,0.0,0.0,0.0,0.0,0.0,0.0,0.0,0.0,1.0,0.0,0.0,0.0,0.0,0.0,5.0,0.0,0.0,2.0,0.0,0.0,4.0,0.0,0,6,0.0,0.0,0.0,0.0,0.0,5.0,0.0,0.0,1.0,0.0
3675,Seymour Community Schools,0.0,0.0,0.0,0.0,8.0,0.0,0.0,7.0,0.0,60.0,195.0,0.30769230769,0.0,9.0,0.0,0.0,2.0,0.0,160.0,205.0,0.78048780487,129.0,209.0,0.61722488038,111.0,217.0,0.51152073732,194,263,0.73764258555,46.0,163.0,0.28220858895,205.0,340.0,0.60294117647,35.0,86.0,0.40697674418
3695,Brownstown Cnt Com Sch Corp,0.0,1.0,0.0,0.0,0.0,0.0,0.0,0.0,0.0,0.0,3.0,0.0,0.0,0.0,0.0,0.0,0.0,0.0,81.0,86.0,0.94186046511,48.0,49.0,0.97959183673,36.0,41.0,0.87804878048,83,89,0.93258426966,0.0,1.0,0.0,74.0,74.0,1.0,10.0,16.0,0.625
3710,Crothersville Community Schools,0.0,0.0,0.0,0.0,0.0,0.0,0.0,0.0,0.0,0.0,3.0,0.0,0.0,0.0,0.0,0.0,0.0,0.0,22.0,36.0,0.61111111111,13.0,20.0,0.65,11.0,19.0,0.57894736842,24,39,0.61538461538,0.0,0.0,0.0,21.0,33.0,0.63636363636,0.0,6.0,0.0
3785,Kankakee Valley School Corp,0.0,0.0,0.0,0.0,0.0,0.0,0.0,1.0,0.0,31.0,37.0,0.83783783783,0.0,7.0,0.0,0.0,0.0,0.0,167.0,188.0,0.88829787234,112.0,122.0,0.91803278688,93.0,111.0,0.83783783783,193,218,0.88532110091,12.0,15.0,0.8,180.0,184.0,0.97826086956,25.0,49.0,0.51020408163
3815,Rensselaer Central School Corp,0.0,1.0,0.0,0.0,2.0,0.0,0.0,1.0,0.0,8.0,12.0,0.66666666666,0.0,6.0,0.0,0.0,0.0,0.0,72.0,82.0,0.87804878048,46.0,50.0,0.92,43.0,54.0,0.79629629629,87,101,0.86138613861,0.0,3.0,0.0,77.0,81.0,0.95061728395,12.0,23.0,0.52173913043
3945,Jay School Corporation,0.0,0.0,0.0,0.0,0.0,0.0,0.0,0.0,0.0,10.0,15.0,0.66666666666,0.0,2.0,0.0,0.0,0.0,0.0,209.0,232.0,0.90086206896,99.0,103.0,0.96116504854,122.0,146.0,0.83561643835,213,236,0.90254237288,8.0,13.0,0.61538461538,154.0,161.0,0.95652173913,67.0,88.0,0.76136363636
3995,Madison Consolidated Schools,0.0,1.0,0.0,0.0,1.0,0.0,0.0,1.0,0.0,0.0,7.0,0.0,0.0,9.0,0.0,0.0,0.0,0.0,132.0,160.0,0.825,74.0,86.0,0.86046511627,76.0,93.0,0.81720430107,146,175,0.83428571428,0.0,4.0,0.0,131.0,136.0,0.96323529411,19.0,43.0,0.44186046511
4000,Southwestern-Jefferson Co Con,0.0,0.0,0.0,0.0,0.0,0.0,0.0,0.0,0.0,7.0,11.0,0.63636363636,0.0,2.0,0.0,0.0,1.0,0.0,74.0,77.0,0.96103896103,27.0,28.0,0.96428571428,57.0,63.0,0.90476190476,79,83,0.95180722891,0.0,8.0,0.0,73.0,78.0,0.93589743589,11.0,13.0,0.84615384615
4015,Jennings County School Corporation,0.0,0.0,0.0,0.0,0.0,0.0,0.0,1.0,0.0,11.0,14.0,0.78571428571,0.0,5.0,0.0,0.0,0.0,0.0,194.0,230.0,0.84347826086,81.0,85.0,0.95294117647,130.0,165.0,0.78787878787,206,242,0.85123966942,0.0,8.0,0.0,155.0,162.0,0.95679012345,56.0,88.0,0.63636363636
4145,Clark-Pleasant Community Sch Corp,0.0,1.0,0.0,86.0,101.0,0.85148514851,26.0,36.0,0.72222222222,30.0,39.0,0.76923076923,27.0,29.0,0.93103448275,0.0,1.0,0.0,283.0,314.0,0.90127388535,237.0,262.0,0.90458015267,217.0,259.0,0.83783783783,394,437,0.90160183066,60.0,84.0,0.71428571428,383.0,404.0,0.94801980198,71.0,117.0,0.60683760683
4205,Center Grove Community School Corp,0.0,1.0,0.0,61.0,66.0,0.92424242424,29.0,36.0,0.80555555555,31.0,34.0,0.91176470588,34.0,35.0,0.97142857142,0.0,1.0,0.0,495.0,532.0,0.93045112781,496.0,527.0,0.94117647058,156.0,178.0,0.87640449438,609,658,0.92553191489,43.0,47.0,0.91489361702,566.0,578.0,0.97923875432,86.0,127.0,0.67716535433
4215,Edinburgh Community School Corp,0.0,0.0,0.0,0.0,0.0,0.0,0.0,1.0,0.0,0.0,6.0,0.0,0.0,1.0,0.0,0.0,0.0,0.0,45.0,56.0,0.80357142857,14.0,16.0,0.875,36.0,48.0,0.75,49,61,0.80327868852,0.0,3.0,0.0,45.0,49.0,0.91836734693,5.0,15.0,0.33333333333
4225,Franklin Community School Corp,0.0,0.0,0.0,0.0,6.0,0.0,9.0,10.0,0.9,15.0,22.0,0.68181818181,23.0,26.0,0.88461538461,0.0,0.0,0.0,264.0,313.0,0.84345047923,172.0,185.0,0.92972972972,144.0,192.0,0.75,308,365,0.84383561643,8.0,12.0,0.66666666666,268.0,280.0,0.95714285714,48.0,97.0,0.49484536082
4245,Greenwood Community Sch Corp,0.0,2.0,0.0,19.0,20.0,0.95,18.0,21.0,0.85714285714,28.0,32.0,0.875,21.0,22.0,0.95454545454,0.0,0.0,0.0,175.0,184.0,0.95108695652,102.0,104.0,0.98076923076,161.0,177.0,0.90960451977,235,250,0.94,28.0,31.0,0.90322580645,232.0,239.0,0.97071129707,31.0,42.0,0.73809523809
4255,Nineveh-Hensley-Jackson United,0.0,0.0,0.0,0.0,0.0,0.0,0.0,1.0,0.0,0.0,7.0,0.0,0.0,4.0,0.0,0.0,0.0,0.0,123.0,134.0,0.91791044776,86.0,92.0,0.93478260869,47.0,54.0,0.87037037037,133,146,0.9109589041,0.0,0.0,0.0,117.0,117.0,1.0,16.0,29.0,0.55172413793
4315,North Knox School Corp,0.0,1.0,0.0,0.0,0.0,0.0,0.0,0.0,0.0,0.0,4.0,0.0,0.0,4.0,0.0,0.0,0.0,0.0,66.0,79.0,0.83544303797,26.0,30.0,0.86666666666,47.0,58.0,0.81034482758,72,87,0.82758620689,0.0,1.0,0.0,59.0,62.0,0.95161290322,14.0,26.0,0.53846153846
4325,South Knox School Corp,0.0,0.0,0.0,0.0,0.0,0.0,0.0,0.0,0.0,0.0,1.0,0.0,0.0,0.0,0.0,0.0,0.0,0.0,89.0,94.0,0.94680851063,58.0,60.0,0.96666666666,32.0,35.0,0.91428571428,90,95,0.94736842105,0.0,0.0,0.0,77.0,77.0,1.0,13.0,18.0,0.72222222222
4335,Vincennes Community School Corp,0.0,0.0,0.0,0.0,7.0,0.0,8.0,11.0,0.72727272727,7.0,12.0,0.58333333333,9.0,10.0,0.9,0.0,1.0,0.0,145.0,154.0,0.94155844155,78.0,87.0,0.89655172413,98.0,108.0,0.9074074074,168,184,0.91304347826,8.0,11.0,0.72727272727,161.0,167.0,0.96407185628,15.0,28.0,0.53571428571
4345,Wawasee Community School Corp,0.0,0.0,0.0,0.0,1.0,0.0,0.0,3.0,0.0,11.0,12.0,0.91666666666,0.0,3.0,0.0,0.0,0.0,0.0,154.0,170.0,0.90588235294,82.0,89.0,0.9213483146,89.0,100.0,0.89,168,185,0.9081081081,0.0,4.0,0.0,148.0,157.0,0.94267515923,23.0,32.0,0.71875
4415,Warsaw Community Schools,0.0,2.0,0.0,0.0,7.0,0.0,11.0,11.0,1.0,72.0,111.0,0.64864864864,15.0,19.0,0.78947368421,0.0,1.0,0.0,353.0,410.0,0.86097560975,260.0,291.0,0.89347079037,201.0,270.0,0.74444444444,421,504,0.83531746031,40.0,57.0,0.70175438596,400.0,457.0,0.87527352297,61.0,104.0,0.58653846153
4445,Tippecanoe Valley School Corp,0.0,0.0,0.0,0.0,0.0,0.0,0.0,0.0,0.0,15.0,22.0,0.68181818181,0.0,1.0,0.0,0.0,0.0,0.0,91.0,109.0,0.83486238532,47.0,55.0,0.85454545454,60.0,77.0,0.77922077922,100,119,0.84033613445,7.0,13.0,0.53846153846,88.0,94.0,0.93617021276,19.0,38.0,0.5
4455,Whitko Community School Corp,0.0,0.0,0.0,0.0,0.0,0.0,0.0,0.0,0.0,0.0,6.0,0.0,0.0,4.0,0.0,0.0,0.0,0.0,70.0,86.0,0.81395348837,36.0,43.0,0.83720930232,40.0,53.0,0.75471698113,70,87,0.80459770114,0.0,9.0,0.0,65.0,78.0,0.83333333333,11.0,18.0,0.61111111111
4515,Prairie Heights Community Sch Corp,0.0,0.0,0.0,0.0,0.0,0.0,0.0,0.0,0.0,0.0,5.0,0.0,0.0,2.0,0.0,0.0,0.0,0.0,100.0,114.0,0.87719298245,56.0,59.0,0.94915254237,49.0,62.0,0.79032258064,103,119,0.86554621848,0.0,2.0,0.0,85.0,91.0,0.93406593406,20.0,30.0,0.66666666666
4525,Westview School Corporation,0.0,0.0,0.0,0.0,1.0,0.0,0.0,1.0,0.0,0.0,5.0,0.0,0.0,2.0,0.0,0.0,0.0,0.0,150.0,161.0,0.93167701863,107.0,112.0,0.95535714285,50.0,58.0,0.86206896551,87,94,0.92553191489,70.0,76.0,0.92105263157,142.0,147.0,0.96598639455,15.0,23.0,0.65217391304
4535,Lakeland School Corporation,0.0,0.0,0.0,0.0,4.0,0.0,0.0,1.0,0.0,8.0,16.0,0.5,0.0,3.0,0.0,0.0,0.0,0.0,54.0,69.0,0.78260869565,32.0,39.0,0.82051282051,37.0,54.0,0.68518518518,65,83,0.78313253012,4.0,10.0,0.4,57.0,65.0,0.87692307692,12.0,28.0,0.42857142857
4570,NW Indiana Special Education Coop,0.0,0.0,0.0,0.0,0.0,0.0,0.0,1.0,0.0,0.0,1.0,0.0,0.0,0.0,0.0,0.0,0.0,0.0,0.0,0.0,0.0,0.0,1.0,0.0,0.0,1.0,0.0,0,2,0.0,0.0,0.0,0.0,0.0,0.0,0.0,0.0,2.0,0.0
4580,Hanover Community School Corp,0.0,0.0,0.0,0.0,0.0,0.0,13.0,13.0,1.0,34.0,38.0,0.8947368421,7.0,10.0,0.7,0.0,0.0,0.0,136.0,149.0,0.91275167785,151.0,162.0,0.93209876543,39.0,48.0,0.8125,186,205,0.90731707317,0.0,5.0,0.0,165.0,171.0,0.9649122807,25.0,39.0,0.64102564102
4590,River Forest Community Sch Corp,0.0,0.0,0.0,0.0,1.0,0.0,9.0,11.0,0.81818181818,42.0,55.0,0.76363636363,9.0,13.0,0.6923076923,0.0,0.0,0.0,37.0,43.0,0.86046511627,24.0,31.0,0.77419354838,74.0,92.0,0.80434782608,93,110,0.84545454545,5.0,13.0,0.38461538461,89.0,100.0,0.89,9.0,23.0,0.39130434782
4600,Merrillville Community School Corp,0.0,1.0,0.0,0.0,2.0,0.0,195.0,247.0,0.78947368421,68.0,90.0,0.75555555555,26.0,29.0,0.89655172413,0.0,1.0,0.0,41.0,49.0,0.83673469387,112.0,136.0,0.82352941176,221.0,283.0,0.78091872791,313,390,0.80256410256,20.0,29.0,0.68965517241,295.0,332.0,0.88855421686,38.0,87.0,0.43678160919
4615,Lake Central School Corporation,0.0,1.0,0.0,20.0,22.0,0.90909090909,44.0,52.0,0.84615384615,129.0,143.0,0.90209790209,24.0,27.0,0.88888888888,0.0,0.0,0.0,345.0,367.0,0.94005449591,431.0,459.0,0.93899782135,131.0,153.0,0.85620915032,525,571,0.91943957968,37.0,41.0,0.90243902439,498.0,506.0,0.98418972332,64.0,106.0,0.6037735849
4645,Tri-Creek School Corporation,0.0,0.0,0.0,0.0,1.0,0.0,0.0,2.0,0.0,33.0,36.0,0.91666666666,0.0,6.0,0.0,0.0,0.0,0.0,198.0,210.0,0.94285714285,185.0,196.0,0.94387755102,50.0,59.0,0.84745762711,232,252,0.92063492063,0.0,3.0,0.0,212.0,216.0,0.98148148148,23.0,39.0,0.58974358974
4650,Lake Ridge New Tech Schools,0.0,1.0,0.0,0.0,1.0,0.0,19.0,25.0,0.76,13.0,26.0,0.5,0.0,2.0,0.0,0.0,0.0,0.0,16.0,28.0,0.57142857142,5.0,12.0,0.41666666666,47.0,71.0,0.66197183098,51,78,0.65384615384,0.0,5.0,0.0,49.0,68.0,0.72058823529,3.0,15.0,0.2
4660,Crown Point Community School Corp,0.0,1.0,0.0,12.0,13.0,0.92307692307,13.0,19.0,0.68421052631,103.0,113.0,0.91150442477,17.0,18.0,0.94444444444,0.0,0.0,0.0,451.0,482.0,0.9356846473,467.0,500.0,0.934,130.0,146.0,0.8904109589,572,615,0.93008130081,25.0,31.0,0.8064516129,515.0,532.0,0.96804511278,82.0,114.0,0.71929824561
4670,School City of East Chicago,0.0,0.0,0.0,0.0,0.0,0.0,58.0,104.0,0.55769230769,60.0,106.0,0.56603773584,0.0,3.0,0.0,0.0,0.0,0.0,0.0,4.0,0.0,23.0,57.0,0.40350877192,99.0,160.0,0.61875,97,170,0.57058823529,25.0,47.0,0.53191489361,119.0,188.0,0.6329787234,3.0,29.0,0.10344827586
4680,Lake Station Community Schools,0.0,1.0,0.0,0.0,0.0,0.0,0.0,9.0,0.0,27.0,36.0,0.75,0.0,7.0,0.0,0.0,0.0,0.0,20.0,23.0,0.86956521739,16.0,17.0,0.94117647058,45.0,59.0,0.7627118644,53,66,0.80303030303,8.0,10.0,0.8,56.0,63.0,0.88888888888,5.0,13.0,0.38461538461
4690,Gary Community School Corp,0.0,1.0,0.0,0.0,0.0,0.0,156.0,328.0,0.47560975609,10.0,25.0,0.4,11.0,13.0,0.84615384615,0.0,1.0,0.0,7.0,10.0,0.7,67.0,131.0,0.51145038167,119.0,247.0,0.48178137651,184,373,0.49329758713,0.0,5.0,0.0,176.0,314.0,0.56050955414,10.0,64.0,0.15625
4700,Griffith Public Schools,0.0,0.0,0.0,0.0,1.0,0.0,27.0,33.0,0.81818181818,44.0,47.0,0.93617021276,0.0,9.0,0.0,0.0,0.0,0.0,61.0,68.0,0.89705882352,66.0,76.0,0.86842105263,74.0,82.0,0.90243902439,137,154,0.88961038961,0.0,4.0,0.0,123.0,134.0,0.91791044776,17.0,24.0,0.70833333333
4710,School City of Hammond,0.0,1.0,0.0,0.0,1.0,0.0,174.0,292.0,0.59589041095,265.0,418.0,0.63397129186,21.0,29.0,0.72413793103,0.0,0.0,0.0,57.0,81.0,0.7037037037,195.0,308.0,0.63311688311,324.0,514.0,0.63035019455,458,705,0.64964539007,61.0,117.0,0.52136752136,491.0,732.0,0.67076502732,28.0,90.0,0.31111111111
4720,School Town of Highland,0.0,0.0,0.0,0.0,5.0,0.0,27.0,31.0,0.87096774193,49.0,62.0,0.79032258064,0.0,5.0,0.0,0.0,0.0,0.0,104.0,120.0,0.86666666666,111.0,122.0,0.90983606557,79.0,101.0,0.78217821782,186,214,0.8691588785,0.0,9.0,0.0,156.0,165.0,0.94545454545,34.0,58.0,0.58620689655
4730,School City of Hobart,0.0,1.0,0.0,0.0,2.0,0.0,18.0,26.0,0.6923076923,65.0,84.0,0.7738095238,0.0,9.0,0.0,0.0,0.0,0.0,144.0,167.0,0.8622754491,120.0,137.0,0.87591240875,117.0,152.0,0.7697368421,230,282,0.81560283687,0.0,7.0,0.0,205.0,221.0,0.92760180995,32.0,68.0,0.47058823529
4740,School Town of Munster,0.0,1.0,0.0,15.0,15.0,1.0,19.0,20.0,0.95,83.0,89.0,0.93258426966,12.0,12.0,1.0,0.0,0.0,0.0,126.0,136.0,0.92647058823,198.0,210.0,0.94285714285,58.0,63.0,0.92063492063,247,261,0.94636015325,9.0,12.0,0.75,220.0,222.0,0.99099099099,36.0,51.0,0.70588235294
4760,School City of Whiting,0.0,0.0,0.0,0.0,0.0,0.0,0.0,2.0,0.0,43.0,52.0,0.82692307692,0.0,1.0,0.0,0.0,0.0,0.0,11.0,11.0,1.0,16.0,19.0,0.84210526315,41.0,47.0,0.87234042553,47,51,0.92156862745,10.0,15.0,0.66666666666,51.0,58.0,0.87931034482,0.0,8.0,0.0
4805,New Prairie United School Corp,0.0,0.0,0.0,0.0,1.0,0.0,0.0,4.0,0.0,21.0,23.0,0.91304347826,0.0,8.0,0.0,0.0,0.0,0.0,164.0,172.0,0.95348837209,118.0,121.0,0.97520661157,80.0,87.0,0.91954022988,191,200,0.955,0.0,8.0,0.0,167.0,171.0,0.97660818713,31.0,37.0,0.83783783783
4860,MSD of New Durham Township,0.0,0.0,0.0,0.0,0.0,0.0,0.0,2.0,0.0,0.0,7.0,0.0,0.0,6.0,0.0,0.0,0.0,0.0,64.0,69.0,0.92753623188,45.0,47.0,0.95744680851,32.0,37.0,0.86486486486,75,82,0.91463414634,0.0,2.0,0.0,67.0,71.0,0.94366197183,10.0,13.0,0.76923076923
4915,Tri-Township Cons School Corp,0.0,0.0,0.0,0.0,0.0,0.0,0.0,0.0,0.0,0.0,1.0,0.0,0.0,0.0,0.0,0.0,0.0,0.0,26.0,27.0,0.96296296296,14.0,14.0,1.0,13.0,14.0,0.92857142857,27,28,0.96428571428,0.0,0.0,0.0,24.0,24.0,1.0,0.0,4.0,0.0
4925,Michigan City Area Schools,0.0,0.0,0.0,0.0,3.0,0.0,84.0,130.0,0.64615384615,34.0,43.0,0.79069767441,34.0,40.0,0.85,0.0,0.0,0.0,125.0,160.0,0.78125,77.0,106.0,0.72641509433,203.0,270.0,0.75185185185,276,370,0.74594594594,0.0,6.0,0.0,236.0,291.0,0.81099656357,44.0,85.0,0.51764705882
4940,South Central Com School Corp,0.0,0.0,0.0,0.0,0.0,0.0,0.0,0.0,0.0,0.0,2.0,0.0,0.0,2.0,0.0,0.0,0.0,0.0,69.0,72.0,0.95833333333,52.0,53.0,0.98113207547,21.0,23.0,0.91304347826,73,76,0.96052631578,0.0,0.0,0.0,56.0,56.0,1.0,17.0,20.0,0.85
4945,La Porte Community School Corp,0.0,1.0,0.0,0.0,1.0,0.0,0.0,7.0,0.0,71.0,81.0,0.87654320987,24.0,24.0,1.0,0.0,0.0,0.0,271.0,298.0,0.90939597315,132.0,144.0,0.91666666666,242.0,268.0,0.90298507462,344,379,0.90765171503,30.0,33.0,0.90909090909,300.0,305.0,0.98360655737,74.0,107.0,0.69158878504
5075,North Lawrence Com Schools,0.0,0.0,0.0,0.0,0.0,0.0,0.0,2.0,0.0,0.0,8.0,0.0,8.0,11.0,0.72727272727,0.0,0.0,0.0,180.0,227.0,0.79295154185,85.0,95.0,0.8947368421,112.0,153.0,0.73202614379,197,248,0.7943548387,0.0,0.0,0.0,170.0,191.0,0.89005235602,27.0,57.0,0.47368421052
5085,Mitchell Community Schools,0.0,0.0,0.0,0.0,0.0,0.0,0.0,0.0,0.0,0.0,0.0,0.0,0.0,2.0,0.0,0.0,0.0,0.0,73.0,94.0,0.77659574468,42.0,50.0,0.84,33.0,46.0,0.71739130434,75,96,0.78125,0.0,0.0,0.0,64.0,69.0,0.92753623188,11.0,27.0,0.4074074074
5245,Frankton-Lapel Community Schools,0.0,0.0,0.0,0.0,1.0,0.0,0.0,4.0,0.0,0.0,4.0,0.0,0.0,7.0,0.0,0.0,0.0,0.0,163.0,185.0,0.88108108108,140.0,164.0,0.85365853658,37.0,37.0,1.0,175,199,0.87939698492,0.0,2.0,0.0,138.0,143.0,0.96503496503,39.0,58.0,0.6724137931
5255,South Madison Com Sch Corp,0.0,0.0,0.0,0.0,7.0,0.0,0.0,9.0,0.0,16.0,20.0,0.8,14.0,15.0,0.93333333333,0.0,1.0,0.0,268.0,288.0,0.93055555555,200.0,209.0,0.95693779904,114.0,131.0,0.87022900763,307,329,0.93313069908,7.0,11.0,0.63636363636,275.0,283.0,0.97173144876,39.0,57.0,0.68421052631
5265,Alexandria Community School Corp,0.0,0.0,0.0,0.0,0.0,0.0,0.0,0.0,0.0,0.0,3.0,0.0,9.0,10.0,0.9,0.0,0.0,0.0,67.0,79.0,0.84810126582,29.0,30.0,0.96666666666,49.0,62.0,0.79032258064,78,92,0.84782608695,0.0,0.0,0.0,66.0,72.0,0.91666666666,12.0,20.0,0.6
5275,Anderson Community School Corp,0.0,1.0,0.0,0.0,2.0,0.0,71.0,109.0,0.65137614678,38.0,72.0,0.52777777777,40.0,59.0,0.67796610169,0.0,1.0,0.0,132.0,207.0,0.63768115942,62.0,96.0,0.64583333333,221.0,355.0,0.62253521126,276,420,0.65714285714,7.0,31.0,0.22580645161,241.0,351.0,0.6866096866,42.0,100.0,0.42
5280,Elwood Community School Corp,0.0,0.0,0.0,0.0,0.0,0.0,0.0,1.0,0.0,10.0,10.0,1.0,0.0,2.0,0.0,0.0,0.0,0.0,71.0,91.0,0.78021978021,27.0,32.0,0.84375,56.0,72.0,0.77777777777,82,103,0.79611650485,0.0,1.0,0.0,67.0,77.0,0.87012987012,16.0,27.0,0.59259259259
5300,MSD Decatur Township,0.0,0.0,0.0,0.0,4.0,0.0,105.0,137.0,0.76642335766,51.0,74.0,0.68918918918,30.0,42.0,0.71428571428,0.0,0.0,0.0,185.0,237.0,0.78059071729,70.0,90.0,0.77777777777,304.0,404.0,0.75247524752,318,409,0.77750611246,56.0,85.0,0.65882352941,344.0,412.0,0.83495145631,30.0,82.0,0.36585365853
5310,Franklin Township Com Sch Corp,0.0,4.0,0.0,134.0,159.0,0.84276729559,80.0,109.0,0.73394495412,65.0,85.0,0.76470588235,38.0,51.0,0.74509803921,0.0,0.0,0.0,483.0,525.0,0.92,424.0,460.0,0.92173913043,380.0,473.0,0.80338266384,696,794,0.8765743073,108.0,139.0,0.77697841726,736.0,814.0,0.90417690417,68.0,119.0,0.57142857142
5330,MSD Lawrence Township,0.0,1.0,0.0,0.0,6.0,0.0,298.0,493.0,0.60446247464,215.0,411.0,0.52311435523,83.0,101.0,0.82178217821,0.0,1.0,0.0,179.0,200.0,0.895,289.0,366.0,0.78961748633,492.0,847.0,0.58087367178,610,868,0.70276497695,171.0,345.0,0.49565217391,723.0,1055.0,0.68530805687,58.0,158.0,0.36708860759
5340,Perry Township Schools,0.0,2.0,0.0,343.0,415.0,0.82650602409,85.0,161.0,0.52795031055,92.0,185.0,0.49729729729,45.0,62.0,0.72580645161,0.0,0.0,0.0,276.0,363.0,0.76033057851,237.0,322.0,0.73602484472,605.0,866.0,0.6986143187,483,669,0.72197309417,359.0,519.0,0.69171483622,776.0,995.0,0.77989949748,66.0,193.0,0.34196891191
5350,MSD Pike Township,0.0,0.0,0.0,15.0,15.0,1.0,338.0,461.0,0.73318872017,108.0,168.0,0.64285714285,33.0,38.0,0.86842105263,0.0,0.0,0.0,40.0,46.0,0.86956521739,137.0,194.0,0.70618556701,397.0,534.0,0.74344569288,412,535,0.77009345794,122.0,193.0,0.63212435233,486.0,624.0,0.77884615384,48.0,104.0,0.46153846153
5360,MSD Warren Township,0.0,1.0,0.0,0.0,3.0,0.0,348.0,432.0,0.80555555555,142.0,187.0,0.75935828877,66.0,72.0,0.91666666666,0.0,3.0,0.0,109.0,123.0,0.88617886178,231.0,279.0,0.82795698924,440.0,542.0,0.81180811808,554,667,0.83058470764,117.0,154.0,0.75974025974,622.0,720.0,0.86388888888,49.0,101.0,0.48514851485
5370,MSD Washington Township,0.0,1.0,0.0,23.0,27.0,0.85185185185,238.0,292.0,0.81506849315,127.0,182.0,0.6978021978,48.0,50.0,0.96,0.0,0.0,0.0,193.0,199.0,0.96984924623,295.0,345.0,0.85507246376,335.0,406.0,0.8251231527,503,565,0.89026548672,127.0,186.0,0.68279569892,559.0,642.0,0.8707165109,71.0,109.0,0.65137614678
5375,MSD Wayne Township,0.0,1.0,0.0,11.0,14.0,0.78571428571,263.0,424.0,0.62028301886,221.0,374.0,0.5909090909,49.0,61.0,0.80327868852,0.0,2.0,0.0,180.0,238.0,0.756302521,187.0,290.0,0.6448275862,540.0,824.0,0.65533980582,517,751,0.68841544607,210.0,363.0,0.57851239669,682.0,989.0,0.68958543983,45.0,125.0,0.36
5380,Beech Grove City Schools,0.0,0.0,0.0,0.0,0.0,0.0,12.0,17.0,0.70588235294,20.0,30.0,0.66666666666,12.0,16.0,0.75,0.0,0.0,0.0,103.0,122.0,0.84426229508,45.0,55.0,0.81818181818,102.0,130.0,0.78461538461,136,170,0.8,11.0,15.0,0.73333333333,123.0,137.0,0.89781021897,24.0,48.0,0.5
5385,Indianapolis Public Schools,0.0,1.0,0.0,13.0,16.0,0.8125,356.0,643.0,0.55365474339,321.0,684.0,0.46929824561,94.0,132.0,0.71212121212,0.0,1.0,0.0,354.0,425.0,0.83294117647,535.0,840.0,0.6369047619,603.0,1062.0,0.56779661016,907,1357,0.66838614591,231.0,545.0,0.423853211,1027.0,1592.0,0.64510050251,111.0,310.0,0.35806451612
5390,Southside Sp Srvs Of Marion Co,0.0,0.0,0.0,0.0,0.0,0.0,0.0,3.0,0.0,0.0,0.0,0.0,0.0,1.0,0.0,0.0,0.0,0.0,0.0,2.0,0.0,0.0,3.0,0.0,0.0,3.0,0.0,0,6,0.0,0.0,0.0,0.0,0.0,0.0,0.0,0.0,6.0,0.0
5400,School Town of Speedway,0.0,0.0,0.0,0.0,7.0,0.0,24.0,28.0,0.85714285714,22.0,26.0,0.84615384615,0.0,7.0,0.0,0.0,0.0,0.0,40.0,42.0,0.95238095238,40.0,42.0,0.95238095238,60.0,68.0,0.88235294117,69,73,0.94520547945,31.0,37.0,0.83783783783,88.0,93.0,0.94623655913,12.0,17.0,0.70588235294
5455,Culver Community Schools Corp,0.0,0.0,0.0,0.0,1.0,0.0,0.0,0.0,0.0,0.0,3.0,0.0,0.0,3.0,0.0,0.0,0.0,0.0,47.0,54.0,0.87037037037,23.0,25.0,0.92,30.0,36.0,0.83333333333,53,61,0.86885245901,0.0,0.0,0.0,46.0,47.0,0.97872340425,7.0,14.0,0.5
5470,Argos Community Schools,0.0,0.0,0.0,0.0,0.0,0.0,0.0,0.0,0.0,0.0,4.0,0.0,0.0,2.0,0.0,0.0,0.0,0.0,44.0,50.0,0.88,18.0,18.0,1.0,32.0,38.0,0.84210526315,48,54,0.88888888888,0.0,2.0,0.0,41.0,42.0,0.97619047619,9.0,14.0,0.64285714285
5480,Bremen Public Schools,0.0,0.0,0.0,0.0,1.0,0.0,0.0,0.0,0.0,34.0,43.0,0.79069767441,0.0,2.0,0.0,0.0,0.0,0.0,44.0,52.0,0.84615384615,26.0,32.0,0.8125,55.0,66.0,0.83333333333,63,75,0.84,18.0,23.0,0.78260869565,72.0,83.0,0.86746987951,9.0,15.0,0.6
5485,Plymouth Community School Corp,0.0,0.0,0.0,0.0,0.0,0.0,0.0,3.0,0.0,59.0,87.0,0.67816091954,9.0,12.0,0.75,0.0,0.0,0.0,106.0,126.0,0.84126984126,84.0,97.0,0.86597938144,93.0,131.0,0.70992366412,153,185,0.82702702702,24.0,43.0,0.55813953488,158.0,198.0,0.79797979797,19.0,30.0,0.63333333333
5495,Triton School Corporation,0.0,0.0,0.0,0.0,0.0,0.0,0.0,2.0,0.0,0.0,5.0,0.0,0.0,0.0,0.0,0.0,0.0,0.0,58.0,68.0,0.85294117647,35.0,39.0,0.89743589743,29.0,36.0,0.80555555555,60,70,0.85714285714,0.0,5.0,0.0,59.0,65.0,0.90769230769,5.0,10.0,0.5
5520,Shoals Community School Corp,0.0,0.0,0.0,0.0,0.0,0.0,0.0,0.0,0.0,0.0,1.0,0.0,0.0,1.0,0.0,0.0,0.0,0.0,19.0,29.0,0.65517241379,0.0,8.0,0.0,15.0,23.0,0.65217391304,21,31,0.67741935483,0.0,0.0,0.0,19.0,20.0,0.95,2.0,11.0,0.18181818181
5525,Loogootee Community Sch Corp,0.0,0.0,0.0,0.0,0.0,0.0,0.0,0.0,0.0,0.0,0.0,0.0,0.0,2.0,0.0,0.0,0.0,0.0,48.0,63.0,0.7619047619,35.0,41.0,0.85365853658,15.0,24.0,0.625,50,65,0.76923076923,0.0,0.0,0.0,45.0,49.0,0.91836734693,5.0,16.0,0.3125
5615,Maconaquah School Corp,0.0,0.0,0.0,0.0,1.0,0.0,0.0,2.0,0.0,11.0,22.0,0.5,0.0,3.0,0.0,0.0,0.0,0.0,92.0,109.0,0.84403669724,31.0,37.0,0.83783783783,76.0,100.0,0.76,105,128,0.8203125,0.0,9.0,0.0,91.0,107.0,0.85046728971,16.0,30.0,0.53333333333
5620,North Miami Community Schools,0.0,0.0,0.0,0.0,0.0,0.0,0.0,0.0,0.0,0.0,3.0,0.0,0.0,2.0,0.0,0.0,0.0,0.0,40.0,42.0,0.95238095238,22.0,22.0,1.0,23.0,25.0,0.92,43,45,0.95555555555,0.0,2.0,0.0,42.0,42.0,1.0,0.0,5.0,0.0
5625,Oak Hill United School Corp,0.0,1.0,0.0,0.0,1.0,0.0,0.0,0.0,0.0,0.0,3.0,0.0,0.0,5.0,0.0,0.0,0.0,0.0,95.0,104.0,0.91346153846,61.0,65.0,0.93846153846,44.0,49.0,0.89795918367,105,114,0.92105263157,0.0,0.0,0.0,95.0,95.0,1.0,10.0,19.0,0.52631578947
5635,Peru Community Schools,0.0,3.0,0.0,0.0,0.0,0.0,0.0,1.0,0.0,0.0,2.0,0.0,0.0,8.0,0.0,0.0,0.0,0.0,94.0,112.0,0.83928571428,32.0,37.0,0.86486486486,74.0,89.0,0.83146067415,105,125,0.84,0.0,1.0,0.0,97.0,104.0,0.93269230769,9.0,22.0,0.40909090909
5705,Richland-Bean Blossom C S C,0.0,1.0,0.0,0.0,1.0,0.0,0.0,1.0,0.0,0.0,3.0,0.0,11.0,11.0,1.0,0.0,1.0,0.0,180.0,201.0,0.89552238805,133.0,141.0,0.94326241134,65.0,78.0,0.83333333333,197,218,0.90366972477,0.0,1.0,0.0,173.0,178.0,0.97191011235,25.0,41.0,0.60975609756
5740,Monroe County Community Sch Corp,0.0,2.0,0.0,26.0,32.0,0.8125,32.0,51.0,0.62745098039,31.0,47.0,0.65957446808,44.0,55.0,0.8,0.0,0.0,0.0,462.0,530.0,0.8716981132,388.0,423.0,0.91725768321,208.0,294.0,0.70748299319,569,676,0.84171597633,27.0,41.0,0.65853658536,516.0,568.0,0.90845070422,80.0,149.0,0.53691275167
5835,North Montgomery Com Sch Corp,0.0,0.0,0.0,0.0,1.0,0.0,0.0,1.0,0.0,0.0,5.0,0.0,0.0,3.0,0.0,0.0,0.0,0.0,106.0,130.0,0.81538461538,65.0,76.0,0.85526315789,49.0,64.0,0.765625,112,136,0.82352941176,0.0,4.0,0.0,99.0,108.0,0.91666666666,15.0,32.0,0.46875
5845,South Montgomery Com Sch Corp,0.0,0.0,0.0,0.0,1.0,0.0,0.0,2.0,0.0,0.0,5.0,0.0,0.0,1.0,0.0,0.0,0.0,0.0,114.0,120.0,0.95,79.0,81.0,0.97530864197,44.0,48.0,0.91666666666,122,128,0.953125,0.0,1.0,0.0,108.0,109.0,0.99082568807,15.0,20.0,0.75
5855,Crawfordsville Community Schools,0.0,0.0,0.0,0.0,0.0,0.0,0.0,5.0,0.0,34.0,50.0,0.68,0.0,7.0,0.0,0.0,0.0,0.0,96.0,113.0,0.84955752212,46.0,54.0,0.85185185185,95.0,121.0,0.78512396694,120,145,0.82758620689,21.0,30.0,0.7,112.0,128.0,0.875,29.0,47.0,0.61702127659
5900,Monroe-Gregg School District,0.0,0.0,0.0,0.0,0.0,0.0,8.0,11.0,0.72727272727,0.0,3.0,0.0,0.0,1.0,0.0,0.0,0.0,0.0,90.0,107.0,0.84112149532,64.0,67.0,0.95522388059,38.0,55.0,0.6909090909,99,117,0.84615384615,0.0,5.0,0.0,98.0,110.0,0.8909090909,4.0,12.0,0.33333333333
5910,Eminence Community School Corp,0.0,0.0,0.0,0.0,0.0,0.0,0.0,0.0,0.0,0.0,0.0,0.0,0.0,0.0,0.0,0.0,0.0,0.0,15.0,17.0,0.88235294117,0.0,8.0,0.0,0.0,9.0,0.0,15,17,0.88235294117,0.0,0.0,0.0,13.0,13.0,1.0,0.0,4.0,0.0
5925,MSD Martinsville Schools,0.0,0.0,0.0,0.0,2.0,0.0,0.0,1.0,0.0,9.0,12.0,0.75,0.0,8.0,0.0,0.0,0.0,0.0,241.0,274.0,0.87956204379,125.0,135.0,0.92592592592,134.0,162.0,0.82716049382,256,294,0.87074829931,0.0,3.0,0.0,203.0,209.0,0.97129186602,56.0,88.0,0.63636363636
5930,Mooresville Con School Corp,0.0,0.0,0.0,0.0,2.0,0.0,12.0,14.0,0.85714285714,15.0,16.0,0.9375,13.0,15.0,0.86666666666,0.0,1.0,0.0,228.0,262.0,0.87022900763,143.0,155.0,0.92258064516,128.0,155.0,0.82580645161,264,300,0.88,7.0,10.0,0.7,235.0,256.0,0.91796875,36.0,54.0,0.66666666666
5945,North Newton School Corp,0.0,0.0,0.0,0.0,0.0,0.0,0.0,0.0,0.0,13.0,14.0,0.92857142857,0.0,2.0,0.0,0.0,0.0,0.0,56.0,65.0,0.86153846153,32.0,34.0,0.94117647058,39.0,47.0,0.82978723404,66,75,0.88,0.0,6.0,0.0,49.0,50.0,0.98,22.0,31.0,0.70967741935
5995,South Newton School Corp,0.0,0.0,0.0,0.0,1.0,0.0,0.0,0.0,0.0,7.0,11.0,0.63636363636,0.0,0.0,0.0,0.0,0.0,0.0,59.0,64.0,0.921875,32.0,37.0,0.86486486486,35.0,39.0,0.89743589743,63,71,0.88732394366,0.0,5.0,0.0,60.0,65.0,0.92307692307,7.0,11.0,0.63636363636
6055,Central Noble Com School Corp,0.0,0.0,0.0,0.0,0.0,0.0,0.0,0.0,0.0,0.0,4.0,0.0,0.0,2.0,0.0,0.0,0.0,0.0,54.0,79.0,0.68354430379,36.0,51.0,0.70588235294,21.0,34.0,0.61764705882,57,84,0.67857142857,0.0,1.0,0.0,49.0,54.0,0.9074074074,8.0,31.0,0.25806451612
6060,East Noble School Corporation,0.0,1.0,0.0,0.0,1.0,0.0,0.0,1.0,0.0,9.0,12.0,0.75,0.0,6.0,0.0,0.0,0.0,0.0,196.0,245.0,0.8,148.0,184.0,0.80434782608,61.0,82.0,0.74390243902,204,260,0.78461538461,0.0,6.0,0.0,188.0,213.0,0.88262910798,21.0,53.0,0.39622641509
6065,West Noble School Corporation,0.0,0.0,0.0,0.0,1.0,0.0,0.0,2.0,0.0,59.0,99.0,0.59595959595,0.0,1.0,0.0,0.0,0.0,0.0,55.0,69.0,0.79710144927,50.0,62.0,0.8064516129,68.0,110.0,0.61818181818,75,100,0.75,43.0,72.0,0.59722222222,102.0,140.0,0.72857142857,16.0,32.0,0.5
6080,Rising Sun-Ohio Co Com,0.0,0.0,0.0,0.0,0.0,0.0,0.0,0.0,0.0,0.0,0.0,0.0,0.0,0.0,0.0,0.0,0.0,0.0,39.0,54.0,0.72222222222,21.0,25.0,0.84,18.0,29.0,0.62068965517,39,54,0.72222222222,0.0,0.0,0.0,32.0,38.0,0.84210526315,7.0,16.0,0.4375
6145,Orleans Community Schools,0.0,0.0,0.0,0.0,0.0,0.0,0.0,0.0,0.0,0.0,0.0,0.0,0.0,0.0,0.0,0.0,0.0,0.0,52.0,63.0,0.82539682539,31.0,34.0,0.91176470588,21.0,29.0,0.72413793103,52,63,0.82539682539,0.0,0.0,0.0,46.0,49.0,0.9387755102,6.0,14.0,0.42857142857
6155,Paoli Community School Corp,0.0,1.0,0.0,0.0,0.0,0.0,0.0,1.0,0.0,0.0,2.0,0.0,0.0,0.0,0.0,0.0,0.0,0.0,91.0,102.0,0.89215686274,34.0,37.0,0.91891891891,60.0,69.0,0.86956521739,94,106,0.88679245283,0.0,0.0,0.0,77.0,81.0,0.95061728395,17.0,25.0,0.68
6160,Springs Valley Com School Corp,0.0,1.0,0.0,0.0,0.0,0.0,0.0,1.0,0.0,0.0,1.0,0.0,0.0,4.0,0.0,0.0,0.0,0.0,35.0,39.0,0.89743589743,22.0,24.0,0.91666666666,20.0,22.0,0.90909090909,41,45,0.91111111111,0.0,1.0,0.0,33.0,33.0,1.0,9.0,13.0,0.6923076923
6195,Spencer-Owen Community Schools,0.0,0.0,0.0,0.0,1.0,0.0,0.0,1.0,0.0,0.0,3.0,0.0,0.0,5.0,0.0,0.0,0.0,0.0,135.0,149.0,0.90604026845,57.0,60.0,0.95,88.0,99.0,0.88888888888,144,158,0.91139240506,0.0,1.0,0.0,116.0,119.0,0.97478991596,29.0,40.0,0.725
6260,Southwest Parke Com Sch Corp,0.0,1.0,0.0,0.0,0.0,0.0,0.0,0.0,0.0,0.0,1.0,0.0,0.0,2.0,0.0,0.0,0.0,0.0,58.0,65.0,0.8923076923,36.0,37.0,0.97297297297,25.0,32.0,0.78125,60,68,0.88235294117,0.0,1.0,0.0,48.0,48.0,1.0,13.0,21.0,0.61904761904
6325,Perry Central Com Schools Corp,0.0,0.0,0.0,0.0,0.0,0.0,0.0,0.0,0.0,0.0,0.0,0.0,0.0,2.0,0.0,0.0,0.0,0.0,86.0,89.0,0.96629213483,54.0,55.0,0.98181818181,34.0,36.0,0.94444444444,88,91,0.96703296703,0.0,0.0,0.0,68.0,68.0,1.0,20.0,23.0,0.86956521739
6340,Cannelton City Schools,0.0,0.0,0.0,0.0,0.0,0.0,0.0,1.0,0.0,0.0,0.0,0.0,0.0,2.0,0.0,0.0,0.0,0.0,0.0,9.0,0.0,0.0,2.0,0.0,9.0,10.0,0.9,10,12,0.83333333333,0.0,0.0,0.0,10.0,11.0,0.90909090909,0.0,1.0,0.0
6350,Tell City-Troy Twp School Corp,0.0,0.0,0.0,0.0,3.0,0.0,0.0,0.0,0.0,0.0,2.0,0.0,0.0,4.0,0.0,0.0,0.0,0.0,79.0,88.0,0.89772727272,43.0,46.0,0.93478260869,45.0,51.0,0.88235294117,87,96,0.90625,0.0,1.0,0.0,74.0,78.0,0.94871794871,14.0,19.0,0.73684210526
6375,North Central Parke Comm Schl Corp,0.0,1.0,0.0,0.0,0.0,0.0,0.0,0.0,0.0,0.0,1.0,0.0,0.0,6.0,0.0,0.0,0.0,0.0,76.0,88.0,0.86363636363,29.0,34.0,0.85294117647,52.0,62.0,0.83870967741,81,95,0.85263157894,0.0,1.0,0.0,65.0,69.0,0.9420289855,16.0,27.0,0.59259259259
6445,Pike County School Corp,0.0,0.0,0.0,0.0,0.0,0.0,0.0,0.0,0.0,0.0,0.0,0.0,0.0,3.0,0.0,0.0,0.0,0.0,88.0,99.0,0.88888888888,45.0,48.0,0.9375,45.0,54.0,0.83333333333,90,102,0.88235294117,0.0,0.0,0.0,77.0,82.0,0.93902439024,13.0,20.0,0.65
6455,Porter County Education Services,0.0,0.0,0.0,0.0,0.0,0.0,0.0,0.0,0.0,0.0,0.0,0.0,0.0,0.0,0.0,0.0,0.0,0.0,0.0,1.0,0.0,0.0,1.0,0.0,0.0,0.0,0.0,0,1,0.0,0.0,0.0,0.0,0.0,0.0,0.0,0.0,1.0,0.0
6460,MSD Boone Township,0.0,0.0,0.0,0.0,0.0,0.0,0.0,1.0,0.0,0.0,7.0,0.0,0.0,1.0,0.0,0.0,0.0,0.0,53.0,60.0,0.88333333333,30.0,33.0,0.90909090909,32.0,36.0,0.88888888888,61,68,0.89705882352,0.0,1.0,0.0,49.0,49.0,1.0,13.0,20.0,0.65
6470,Duneland School Corporation,0.0,0.0,0.0,0.0,2.0,0.0,11.0,14.0,0.78571428571,55.0,58.0,0.94827586206,16.0,18.0,0.88888888888,0.0,0.0,0.0,293.0,313.0,0.93610223642,261.0,273.0,0.95604395604,116.0,132.0,0.87878787878,375,403,0.93052109181,0.0,2.0,0.0,315.0,321.0,0.98130841121,62.0,84.0,0.73809523809
6510,East Porter County School Corp,0.0,0.0,0.0,0.0,3.0,0.0,0.0,1.0,0.0,16.0,19.0,0.84210526315,0.0,6.0,0.0,0.0,0.0,0.0,140.0,159.0,0.88050314465,130.0,148.0,0.87837837837,35.0,40.0,0.875,164,185,0.88648648648,0.0,3.0,0.0,137.0,145.0,0.9448275862,28.0,43.0,0.65116279069
6520,Porter Township School Corp,0.0,0.0,0.0,0.0,0.0,0.0,0.0,0.0,0.0,13.0,15.0,0.86666666666,0.0,2.0,0.0,0.0,0.0,0.0,72.0,75.0,0.96,53.0,57.0,0.9298245614,34.0,35.0,0.97142857142,87,92,0.94565217391,0.0,0.0,0.0,63.0,63.0,1.0,24.0,29.0,0.82758620689
6530,Union Township School Corp,0.0,0.0,0.0,0.0,0.0,0.0,0.0,0.0,0.0,13.0,14.0,0.92857142857,0.0,4.0,0.0,0.0,0.0,0.0,83.0,88.0,0.94318181818,76.0,78.0,0.97435897435,24.0,28.0,0.85714285714,96,102,0.94117647058,0.0,4.0,0.0,85.0,85.0,1.0,15.0,21.0,0.71428571428
6550,Portage Township Schools,0.0,0.0,0.0,0.0,3.0,0.0,54.0,79.0,0.68354430379,113.0,144.0,0.78472222222,25.0,32.0,0.78125,0.0,0.0,0.0,189.0,231.0,0.81818181818,379.0,483.0,0.78467908902,0.0,6.0,0.0,369,463,0.7969762419,13.0,26.0,0.5,340.0,386.0,0.88082901554,42.0,103.0,0.40776699029
6560,Valparaiso Community Schools,0.0,2.0,0.0,0.0,3.0,0.0,12.0,14.0,0.85714285714,73.0,78.0,0.93589743589,27.0,27.0,1.0,0.0,0.0,0.0,340.0,360.0,0.94444444444,306.0,322.0,0.950310559,151.0,162.0,0.93209876543,452,478,0.94560669456,0.0,6.0,0.0,377.0,385.0,0.97922077922,80.0,99.0,0.80808080808
6590,MSD Mount Vernon,0.0,0.0,0.0,0.0,0.0,0.0,0.0,5.0,0.0,0.0,1.0,0.0,0.0,7.0,0.0,0.0,0.0,0.0,125.0,137.0,0.91240875912,87.0,92.0,0.94565217391,50.0,58.0,0.86206896551,137,150,0.91333333333,0.0,0.0,0.0,104.0,104.0,1.0,33.0,46.0,0.71739130434
6600,MSD North Posey Co Schools,0.0,0.0,0.0,0.0,0.0,0.0,0.0,1.0,0.0,0.0,5.0,0.0,0.0,3.0,0.0,0.0,0.0,0.0,84.0,88.0,0.95454545454,60.0,61.0,0.98360655737,33.0,36.0,0.91666666666,93,97,0.95876288659,0.0,0.0,0.0,78.0,78.0,1.0,15.0,19.0,0.78947368421
6620,Eastern Pulaski Community Sch Corp,0.0,1.0,0.0,0.0,0.0,0.0,0.0,0.0,0.0,0.0,2.0,0.0,0.0,6.0,0.0,0.0,0.0,0.0,54.0,64.0,0.84375,28.0,30.0,0.93333333333,35.0,43.0,0.81395348837,62,72,0.86111111111,0.0,1.0,0.0,53.0,55.0,0.96363636363,10.0,18.0,0.55555555555
6630,West Central School Corp,0.0,2.0,0.0,0.0,0.0,0.0,0.0,1.0,0.0,0.0,2.0,0.0,0.0,1.0,0.0,0.0,0.0,0.0,32.0,45.0,0.71111111111,13.0,15.0,0.86666666666,25.0,36.0,0.69444444444,38,51,0.74509803921,0.0,0.0,0.0,26.0,31.0,0.83870967741,12.0,20.0,0.6
6705,South Putnam Community Schools,0.0,0.0,0.0,0.0,0.0,0.0,0.0,1.0,0.0,0.0,2.0,0.0,0.0,0.0,0.0,0.0,1.0,0.0,50.0,59.0,0.84745762711,27.0,31.0,0.87096774193,27.0,32.0,0.84375,53,62,0.85483870967,0.0,1.0,0.0,46.0,47.0,0.97872340425,8.0,16.0,0.5
6715,North Putnam Community Schools,0.0,0.0,0.0,0.0,0.0,0.0,0.0,0.0,0.0,0.0,0.0,0.0,0.0,1.0,0.0,0.0,0.0,0.0,70.0,83.0,0.84337349397,54.0,67.0,0.80597014925,17.0,17.0,1.0,71,84,0.84523809523,0.0,0.0,0.0,57.0,62.0,0.9193548387,14.0,22.0,0.63636363636
6750,Cloverdale Community Schools,0.0,1.0,0.0,0.0,2.0,0.0,0.0,5.0,0.0,8.0,15.0,0.53333333333,14.0,15.0,0.93333333333,0.0,0.0,0.0,187.0,217.0,0.86175115207,165.0,199.0,0.82914572864,49.0,56.0,0.875,213,254,0.83858267716,0.0,1.0,0.0,196.0,227.0,0.86343612334,18.0,28.0,0.64285714285
6755,Greencastle Community School Corp,0.0,0.0,0.0,0.0,0.0,0.0,0.0,2.0,0.0,0.0,3.0,0.0,0.0,0.0,0.0,0.0,0.0,0.0,109.0,135.0,0.8074074074,55.0,67.0,0.82089552238,57.0,73.0,0.7808219178,110,138,0.79710144927,0.0,2.0,0.0,95.0,105.0,0.90476190476,17.0,35.0,0.48571428571
6795,Union School Corporation,0.0,3.0,0.0,0.0,3.0,0.0,30.0,75.0,0.4,14.0,34.0,0.41176470588,5.0,11.0,0.45454545454,0.0,1.0,0.0,70.0,149.0,0.46979865771,93.0,199.0,0.46733668341,29.0,77.0,0.37662337662,117,263,0.44486692015,5.0,13.0,0.38461538461,111.0,226.0,0.49115044247,11.0,50.0,0.22
6805,Randolph Southern School Corp,0.0,0.0,0.0,0.0,0.0,0.0,0.0,0.0,0.0,0.0,0.0,0.0,0.0,2.0,0.0,0.0,0.0,0.0,31.0,40.0,0.775,16.0,17.0,0.94117647058,17.0,25.0,0.68,33,42,0.78571428571,0.0,0.0,0.0,24.0,24.0,1.0,9.0,18.0,0.5
6820,Monroe Central School Corp,0.0,0.0,0.0,0.0,0.0,0.0,0.0,0.0,0.0,0.0,4.0,0.0,0.0,6.0,0.0,0.0,0.0,0.0,76.0,83.0,0.9156626506,38.0,40.0,0.95,47.0,53.0,0.88679245283,85,93,0.91397849462,0.0,0.0,0.0,73.0,76.0,0.96052631578,12.0,17.0,0.70588235294
6825,Randolph Central School Corp,0.0,1.0,0.0,0.0,0.0,0.0,0.0,0.0,0.0,0.0,9.0,0.0,0.0,6.0,0.0,0.0,0.0,0.0,90.0,102.0,0.88235294117,39.0,43.0,0.90697674418,63.0,75.0,0.84,102,118,0.86440677966,0.0,0.0,0.0,76.0,80.0,0.95,26.0,38.0,0.68421052631
6835,Randolph Eastern School Corp,0.0,0.0,0.0,0.0,0.0,0.0,0.0,0.0,0.0,15.0,26.0,0.57692307692,0.0,1.0,0.0,0.0,0.0,0.0,31.0,33.0,0.93939393939,14.0,16.0,0.875,33.0,44.0,0.75,35,40,0.875,12.0,20.0,0.6,38.0,47.0,0.80851063829,9.0,13.0,0.6923076923
6865,South Ripley Com Sch Corp,0.0,0.0,0.0,0.0,0.0,0.0,0.0,0.0,0.0,0.0,0.0,0.0,0.0,2.0,0.0,0.0,0.0,0.0,58.0,59.0,0.98305084745,29.0,29.0,1.0,31.0,32.0,0.96875,60,61,0.98360655737,0.0,0.0,0.0,46.0,46.0,1.0,14.0,15.0,0.93333333333
6895,Batesville Community School Corp,0.0,0.0,0.0,0.0,1.0,0.0,0.0,2.0,0.0,0.0,6.0,0.0,0.0,5.0,0.0,0.0,0.0,0.0,142.0,146.0,0.97260273972,118.0,121.0,0.97520661157,38.0,39.0,0.97435897435,153,157,0.97452229299,0.0,3.0,0.0,130.0,132.0,0.98484848484,26.0,28.0,0.92857142857
6900,Jac-Cen-Del Community Sch Corp,0.0,0.0,0.0,0.0,0.0,0.0,0.0,1.0,0.0,0.0,2.0,0.0,0.0,0.0,0.0,0.0,0.0,0.0,47.0,51.0,0.92156862745,27.0,29.0,0.93103448275,23.0,25.0,0.92,50,54,0.92592592592,0.0,0.0,0.0,43.0,43.0,1.0,7.0,11.0,0.63636363636
6910,Milan Community Schools,0.0,0.0,0.0,0.0,0.0,0.0,0.0,0.0,0.0,0.0,2.0,0.0,0.0,2.0,0.0,0.0,0.0,0.0,55.0,68.0,0.80882352941,28.0,33.0,0.84848484848,31.0,39.0,0.79487179487,58,71,0.81690140845,0.0,1.0,0.0,48.0,50.0,0.96,11.0,22.0,0.5
6995,Rush County Schools,0.0,1.0,0.0,0.0,1.0,0.0,0.0,0.0,0.0,0.0,3.0,0.0,0.0,4.0,0.0,0.0,0.0,0.0,101.0,117.0,0.86324786324,47.0,50.0,0.94,61.0,76.0,0.80263157894,107,125,0.856,0.0,1.0,0.0,93.0,103.0,0.90291262135,15.0,23.0,0.65217391304
7150,John Glenn School Corporation,0.0,0.0,0.0,0.0,0.0,0.0,0.0,4.0,0.0,0.0,3.0,0.0,0.0,5.0,0.0,0.0,0.0,0.0,139.0,146.0,0.95205479452,71.0,73.0,0.97260273972,79.0,85.0,0.9294117647,150,158,0.9493670886,0.0,0.0,0.0,134.0,136.0,0.98529411764,16.0,22.0,0.72727272727
7175,Penn-Harris-Madison School Corp,0.0,3.0,0.0,41.0,44.0,0.93181818181,49.0,65.0,0.75384615384,59.0,76.0,0.77631578947,57.0,65.0,0.87692307692,0.0,1.0,0.0,530.0,597.0,0.8877721943,528.0,570.0,0.92631578947,211.0,281.0,0.75088967971,717,814,0.88083538083,22.0,37.0,0.59459459459,689.0,749.0,0.91989319092,50.0,102.0,0.49019607843
7200,School City of Mishawaka,0.0,1.0,0.0,0.0,1.0,0.0,44.0,62.0,0.70967741935,29.0,36.0,0.80555555555,44.0,53.0,0.83018867924,0.0,1.0,0.0,187.0,236.0,0.79237288135,101.0,122.0,0.82786885245,206.0,268.0,0.76865671641,302,384,0.78645833333,0.0,6.0,0.0,262.0,292.0,0.89726027397,45.0,98.0,0.45918367346
7205,South Bend Community School Corp,0.0,4.0,0.0,9.0,10.0,0.9,191.0,381.0,0.50131233595,152.0,249.0,0.61044176706,68.0,100.0,0.68,0.0,0.0,0.0,183.0,230.0,0.79565217391,177.0,272.0,0.65073529411,428.0,702.0,0.60968660968,535,843,0.63463819691,70.0,131.0,0.53435114503,527.0,794.0,0.66372795969,78.0,180.0,0.43333333333
7215,Union-North United School Corp,0.0,0.0,0.0,0.0,0.0,0.0,0.0,1.0,0.0,7.0,10.0,0.7,0.0,3.0,0.0,0.0,0.0,0.0,69.0,88.0,0.78409090909,43.0,49.0,0.8775510204,37.0,53.0,0.69811320754,77,98,0.78571428571,0.0,4.0,0.0,70.0,86.0,0.81395348837,10.0,16.0,0.625
7230,Scott County School District 1,0.0,0.0,0.0,0.0,1.0,0.0,0.0,0.0,0.0,0.0,7.0,0.0,0.0,3.0,0.0,0.0,0.0,0.0,61.0,84.0,0.72619047619,24.0,34.0,0.70588235294,42.0,61.0,0.68852459016,65,90,0.72222222222,0.0,5.0,0.0,59.0,76.0,0.77631578947,7.0,19.0,0.36842105263
7255,Scott County School District 2,0.0,0.0,0.0,0.0,1.0,0.0,0.0,3.0,0.0,0.0,5.0,0.0,0.0,6.0,0.0,0.0,1.0,0.0,184.0,207.0,0.88888888888,88.0,94.0,0.93617021276,111.0,129.0,0.86046511627,198,222,0.89189189189,0.0,1.0,0.0,162.0,166.0,0.97590361445,37.0,57.0,0.64912280701
7285,Shelby Eastern Schools,0.0,0.0,0.0,0.0,0.0,0.0,0.0,1.0,0.0,0.0,1.0,0.0,0.0,1.0,0.0,0.0,0.0,0.0,74.0,90.0,0.82222222222,42.0,50.0,0.84,33.0,43.0,0.76744186046,75,92,0.8152173913,0.0,1.0,0.0,70.0,73.0,0.95890410958,5.0,20.0,0.25
7350,Northwestern Con School Corp,0.0,0.0,0.0,0.0,0.0,0.0,0.0,0.0,0.0,0.0,3.0,0.0,0.0,2.0,0.0,0.0,0.0,0.0,75.0,87.0,0.86206896551,49.0,52.0,0.9423076923,31.0,40.0,0.775,79,91,0.86813186813,0.0,1.0,0.0,67.0,72.0,0.93055555555,13.0,20.0,0.65
7360,Southwestern Con Sch Shelby Co,0.0,0.0,0.0,0.0,0.0,0.0,0.0,0.0,0.0,0.0,2.0,0.0,0.0,1.0,0.0,0.0,0.0,0.0,31.0,37.0,0.83783783783,23.0,24.0,0.95833333333,10.0,16.0,0.625,33,40,0.825,0.0,0.0,0.0,32.0,34.0,0.94117647058,0.0,6.0,0.0
7365,Shelbyville Central Schools,0.0,0.0,0.0,0.0,7.0,0.0,0.0,6.0,0.0,35.0,52.0,0.67307692307,10.0,14.0,0.71428571428,0.0,0.0,0.0,171.0,193.0,0.88601036269,107.0,132.0,0.8106060606,120.0,140.0,0.85714285714,205,241,0.85062240663,22.0,31.0,0.70967741935,198.0,220.0,0.9,29.0,52.0,0.55769230769
7385,North Spencer County Sch Corp,0.0,0.0,0.0,0.0,0.0,0.0,0.0,1.0,0.0,14.0,17.0,0.82352941176,0.0,1.0,0.0,0.0,0.0,0.0,126.0,135.0,0.93333333333,97.0,99.0,0.97979797979,45.0,55.0,0.81818181818,130,140,0.92857142857,12.0,14.0,0.85714285714,104.0,105.0,0.99047619047,38.0,49.0,0.77551020408
7445,South Spencer County Sch Corp,0.0,0.0,0.0,0.0,0.0,0.0,0.0,1.0,0.0,0.0,1.0,0.0,0.0,4.0,0.0,0.0,0.0,0.0,79.0,83.0,0.95180722891,41.0,43.0,0.95348837209,44.0,46.0,0.95652173913,85,89,0.95505617977,0.0,0.0,0.0,63.0,64.0,0.984375,22.0,25.0,0.88
7495,Oregon-Davis School Corp,0.0,0.0,0.0,0.0,0.0,0.0,0.0,1.0,0.0,0.0,1.0,0.0,0.0,1.0,0.0,0.0,0.0,0.0,25.0,26.0,0.96153846153,10.0,10.0,1.0,17.0,19.0,0.8947368421,27,29,0.93103448275,0.0,0.0,0.0,24.0,25.0,0.96,0.0,4.0,0.0
7515,North Judson-San Pierre Sch Corp,0.0,0.0,0.0,0.0,0.0,0.0,0.0,0.0,0.0,0.0,6.0,0.0,0.0,1.0,0.0,0.0,0.0,0.0,46.0,51.0,0.90196078431,28.0,29.0,0.96551724137,25.0,29.0,0.86206896551,53,58,0.91379310344,0.0,0.0,0.0,45.0,46.0,0.97826086956,8.0,12.0,0.66666666666
7525,Knox Community School Corp,0.0,0.0,0.0,0.0,0.0,0.0,0.0,0.0,0.0,6.0,11.0,0.54545454545,0.0,3.0,0.0,0.0,0.0,0.0,104.0,119.0,0.87394957983,45.0,51.0,0.88235294117,67.0,82.0,0.81707317073,112,133,0.84210526315,0.0,0.0,0.0,100.0,107.0,0.93457943925,12.0,26.0,0.46153846153
7605,Fremont Community Schools,0.0,2.0,0.0,0.0,0.0,0.0,0.0,0.0,0.0,0.0,4.0,0.0,0.0,2.0,0.0,0.0,0.0,0.0,60.0,71.0,0.84507042253,34.0,38.0,0.8947368421,33.0,41.0,0.80487804878,67,78,0.85897435897,0.0,1.0,0.0,63.0,67.0,0.94029850746,4.0,12.0,0.33333333333
7610,Hamilton Community Schools,0.0,0.0,0.0,0.0,0.0,0.0,0.0,0.0,0.0,0.0,0.0,0.0,0.0,0.0,0.0,0.0,0.0,0.0,26.0,28.0,0.92857142857,19.0,19.0,1.0,0.0,9.0,0.0,26,28,0.92857142857,0.0,0.0,0.0,24.0,24.0,1.0,0.0,4.0,0.0
7615,MSD Steuben County,0.0,1.0,0.0,0.0,2.0,0.0,0.0,1.0,0.0,19.0,26.0,0.73076923076,0.0,5.0,0.0,0.0,0.0,0.0,130.0,152.0,0.85526315789,62.0,70.0,0.88571428571,93.0,117.0,0.79487179487,147,175,0.84,8.0,12.0,0.66666666666,134.0,152.0,0.88157894736,21.0,35.0,0.6
7645,Northeast School Corp,0.0,0.0,0.0,0.0,0.0,0.0,0.0,0.0,0.0,0.0,0.0,0.0,0.0,1.0,0.0,0.0,0.0,0.0,43.0,48.0,0.89583333333,11.0,12.0,0.91666666666,33.0,37.0,0.89189189189,44,49,0.89795918367,0.0,0.0,0.0,32.0,32.0,1.0,12.0,17.0,0.70588235294
7715,Southwest School Corporation,0.0,0.0,0.0,0.0,1.0,0.0,0.0,2.0,0.0,0.0,1.0,0.0,0.0,2.0,0.0,0.0,0.0,0.0,102.0,124.0,0.82258064516,68.0,76.0,0.8947368421,38.0,54.0,0.7037037037,106,129,0.82170542635,0.0,1.0,0.0,95.0,105.0,0.90476190476,11.0,25.0,0.44
7775,Switzerland County School Corp,0.0,0.0,0.0,0.0,0.0,0.0,0.0,1.0,0.0,0.0,4.0,0.0,0.0,0.0,0.0,0.0,0.0,0.0,94.0,112.0,0.83928571428,51.0,58.0,0.87931034482,47.0,59.0,0.79661016949,98,117,0.8376068376,0.0,0.0,0.0,84.0,93.0,0.90322580645,14.0,24.0,0.58333333333
7855,Lafayette School Corporation,0.0,3.0,0.0,0.0,6.0,0.0,118.0,132.0,0.89393939393,139.0,168.0,0.82738095238,45.0,48.0,0.9375,0.0,0.0,0.0,229.0,246.0,0.93089430894,157.0,173.0,0.90751445086,383.0,430.0,0.89069767441,459,501,0.91616766467,81.0,102.0,0.79411764705,449.0,472.0,0.95127118644,91.0,131.0,0.69465648854
7865,Tippecanoe School Corp,0.0,5.0,0.0,23.0,32.0,0.71875,64.0,91.0,0.70329670329,120.0,155.0,0.77419354838,53.0,59.0,0.89830508474,0.0,0.0,0.0,637.0,713.0,0.89340813464,571.0,621.0,0.91948470209,330.0,434.0,0.76036866359,848,978,0.86707566462,53.0,77.0,0.68831168831,791.0,850.0,0.93058823529,110.0,205.0,0.53658536585
7875,West Lafayette Com School Corp,0.0,1.0,0.0,38.0,43.0,0.88372093023,6.0,11.0,0.54545454545,11.0,11.0,1.0,10.0,11.0,0.90909090909,0.0,0.0,0.0,93.0,98.0,0.94897959183,122.0,128.0,0.953125,37.0,47.0,0.78723404255,142,155,0.91612903225,17.0,20.0,0.85,145.0,151.0,0.96026490066,14.0,24.0,0.58333333333
7935,Tri-Central Community Schools,0.0,0.0,0.0,0.0,1.0,0.0,0.0,0.0,0.0,0.0,2.0,0.0,0.0,4.0,0.0,0.0,0.0,0.0,47.0,51.0,0.92156862745,34.0,35.0,0.97142857142,20.0,23.0,0.86956521739,53,57,0.9298245614,0.0,1.0,0.0,52.0,53.0,0.98113207547,0.0,5.0,0.0
7945,Tipton Community School Corp,0.0,0.0,0.0,0.0,0.0,0.0,0.0,1.0,0.0,0.0,5.0,0.0,0.0,4.0,0.0,0.0,0.0,0.0,76.0,80.0,0.95,47.0,48.0,0.97916666666,37.0,42.0,0.88095238095,84,88,0.95454545454,0.0,2.0,0.0,68.0,71.0,0.95774647887,16.0,19.0,0.84210526315
7950,Union Co/Clg Corner Joint Sch Dist,0.0,0.0,0.0,0.0,0.0,0.0,0.0,0.0,0.0,0.0,1.0,0.0,0.0,5.0,0.0,0.0,0.0,0.0,94.0,104.0,0.90384615384,51.0,55.0,0.92727272727,47.0,55.0,0.85454545454,98,110,0.8909090909,0.0,0.0,0.0,78.0,80.0,0.975,20.0,30.0,0.66666666666
7995,Evansville Vanderburgh School Corp,0.0,2.0,0.0,10.0,14.0,0.71428571428,137.0,253.0,0.54150197628,70.0,118.0,0.59322033898,115.0,167.0,0.68862275449,12.0,26.0,0.46153846153,826.0,1013.0,0.81539980256,598.0,728.0,0.82142857142,573.0,866.0,0.66166281755,1139,1505,0.75681063122,32.0,89.0,0.35955056179,1050.0,1278.0,0.82159624413,121.0,316.0,0.3829113924
8010,North Vermillion Com Sch Corp,0.0,1.0,0.0,0.0,0.0,0.0,0.0,0.0,0.0,0.0,2.0,0.0,0.0,1.0,0.0,0.0,0.0,0.0,26.0,33.0,0.78787878787,14.0,14.0,1.0,16.0,23.0,0.69565217391,30,37,0.81081081081,0.0,0.0,0.0,26.0,31.0,0.83870967741,0.0,6.0,0.0
8020,South Vermillion Com Sch Corp,0.0,0.0,0.0,0.0,0.0,0.0,0.0,2.0,0.0,0.0,3.0,0.0,0.0,3.0,0.0,0.0,0.0,0.0,98.0,113.0,0.86725663716,47.0,47.0,1.0,59.0,74.0,0.79729729729,106,121,0.87603305785,0.0,0.0,0.0,87.0,92.0,0.94565217391,19.0,29.0,0.65517241379
8030,Vigo County School Corp,0.0,1.0,0.0,17.0,19.0,0.8947368421,45.0,62.0,0.72580645161,32.0,47.0,0.68085106382,49.0,64.0,0.765625,0.0,0.0,0.0,625.0,763.0,0.81913499344,296.0,328.0,0.90243902439,472.0,628.0,0.75159235668,756,937,0.80683030949,12.0,19.0,0.63157894736,630.0,695.0,0.90647482014,138.0,261.0,0.52873563218
8045,Manchester Community Schools,0.0,0.0,0.0,0.0,0.0,0.0,0.0,0.0,0.0,0.0,9.0,0.0,0.0,3.0,0.0,0.0,0.0,0.0,61.0,70.0,0.87142857142,33.0,35.0,0.94285714285,36.0,47.0,0.7659574468,67,78,0.85897435897,0.0,4.0,0.0,59.0,63.0,0.9365079365,10.0,19.0,0.52631578947
8050,MSD Wabash County Schools,0.0,0.0,0.0,0.0,0.0,0.0,0.0,1.0,0.0,0.0,8.0,0.0,0.0,3.0,0.0,0.0,0.0,0.0,92.0,105.0,0.87619047619,57.0,64.0,0.890625,45.0,53.0,0.84905660377,102,117,0.87179487179,0.0,0.0,0.0,86.0,93.0,0.92473118279,16.0,24.0,0.66666666666
8060,Wabash City Schools,0.0,1.0,0.0,0.0,1.0,0.0,0.0,1.0,0.0,6.0,10.0,0.6,0.0,5.0,0.0,0.0,0.0,0.0,58.0,74.0,0.78378378378,27.0,31.0,0.87096774193,44.0,61.0,0.7213114754,68,88,0.77272727272,0.0,4.0,0.0,61.0,72.0,0.84722222222,10.0,20.0,0.5
8115,MSD Warren County,0.0,0.0,0.0,0.0,0.0,0.0,0.0,1.0,0.0,0.0,2.0,0.0,0.0,2.0,0.0,0.0,0.0,0.0,95.0,112.0,0.84821428571,44.0,45.0,0.97777777777,55.0,72.0,0.76388888888,99,117,0.84615384615,0.0,0.0,0.0,85.0,92.0,0.92391304347,14.0,25.0,0.56
8130,Warrick County School Corp,0.0,1.0,0.0,24.0,28.0,0.85714285714,14.0,17.0,0.82352941176,33.0,36.0,0.91666666666,28.0,38.0,0.73684210526,0.0,0.0,0.0,576.0,610.0,0.94426229508,477.0,518.0,0.92084942084,198.0,212.0,0.93396226415,652,699,0.93276108726,23.0,31.0,0.74193548387,535.0,552.0,0.96920289855,140.0,178.0,0.78651685393
8205,Salem Community Schools,0.0,1.0,0.0,0.0,1.0,0.0,0.0,1.0,0.0,0.0,3.0,0.0,0.0,5.0,0.0,0.0,0.0,0.0,80.0,113.0,0.70796460176,37.0,46.0,0.80434782608,52.0,78.0,0.66666666666,88,122,0.7213114754,0.0,2.0,0.0,74.0,85.0,0.87058823529,15.0,39.0,0.38461538461
8215,East Washington School Corp,0.0,0.0,0.0,0.0,0.0,0.0,0.0,1.0,0.0,0.0,3.0,0.0,0.0,0.0,0.0,0.0,0.0,0.0,78.0,96.0,0.8125,45.0,52.0,0.86538461538,36.0,48.0,0.75,81,100,0.81,0.0,0.0,0.0,64.0,68.0,0.94117647058,17.0,32.0,0.53125
8220,West Washington School Corp,0.0,0.0,0.0,0.0,0.0,0.0,0.0,0.0,0.0,0.0,1.0,0.0,0.0,4.0,0.0,0.0,0.0,0.0,61.0,62.0,0.98387096774,28.0,28.0,1.0,38.0,39.0,0.97435897435,66,67,0.98507462686,0.0,0.0,0.0,48.0,48.0,1.0,18.0,19.0,0.94736842105
8305,Nettle Creek School Corporation,0.0,0.0,0.0,0.0,0.0,0.0,0.0,0.0,0.0,0.0,3.0,0.0,0.0,4.0,0.0,0.0,0.0,0.0,61.0,71.0,0.85915492957,37.0,41.0,0.90243902439,30.0,37.0,0.81081081081,65,75,0.86666666666,0.0,3.0,0.0,55.0,56.0,0.98214285714,12.0,22.0,0.54545454545
8355,Western Wayne Schools,0.0,0.0,0.0,0.0,0.0,0.0,0.0,0.0,0.0,0.0,1.0,0.0,0.0,2.0,0.0,0.0,0.0,0.0,38.0,47.0,0.80851063829,19.0,24.0,0.79166666666,21.0,26.0,0.80769230769,40,50,0.8,0.0,0.0,0.0,34.0,37.0,0.91891891891,6.0,13.0,0.46153846153
8360,Centerville-Abington Com Schs,0.0,0.0,0.0,0.0,0.0,0.0,0.0,3.0,0.0,0.0,3.0,0.0,0.0,7.0,0.0,0.0,0.0,0.0,103.0,118.0,0.87288135593,68.0,74.0,0.91891891891,46.0,57.0,0.80701754385,114,131,0.87022900763,0.0,0.0,0.0,102.0,105.0,0.97142857142,12.0,26.0,0.46153846153
8375,Northeastern Wayne Schools,0.0,1.0,0.0,0.0,0.0,0.0,0.0,1.0,0.0,0.0,1.0,0.0,0.0,6.0,0.0,0.0,0.0,0.0,65.0,69.0,0.9420289855,27.0,29.0,0.93103448275,47.0,49.0,0.95918367346,74,78,0.94871794871,0.0,0.0,0.0,62.0,63.0,0.98412698412,12.0,15.0,0.8
8385,Richmond Community Schools,0.0,2.0,0.0,0.0,4.0,0.0,18.0,27.0,0.66666666666,19.0,49.0,0.38775510204,33.0,46.0,0.71739130434,0.0,0.0,0.0,143.0,186.0,0.7688172043,74.0,102.0,0.72549019607,145.0,212.0,0.68396226415,210,286,0.73426573426,9.0,28.0,0.32142857142,186.0,221.0,0.84162895927,33.0,93.0,0.35483870967
8425,Southern Wells Com Schools,0.0,0.0,0.0,0.0,0.0,0.0,0.0,2.0,0.0,0.0,3.0,0.0,0.0,1.0,0.0,0.0,0.0,0.0,61.0,70.0,0.87142857142,24.0,27.0,0.88888888888,41.0,49.0,0.83673469387,64,75,0.85333333333,0.0,1.0,0.0,58.0,61.0,0.95081967213,7.0,15.0,0.46666666666
8435,Norwell Community Schools,0.0,1.0,0.0,0.0,2.0,0.0,0.0,3.0,0.0,7.0,10.0,0.7,0.0,4.0,0.0,0.0,0.0,0.0,133.0,155.0,0.85806451612,106.0,113.0,0.93805309734,43.0,62.0,0.69354838709,148,172,0.86046511627,0.0,3.0,0.0,128.0,138.0,0.92753623188,21.0,37.0,0.56756756756
8445,MSD Bluffton-Harrison,0.0,0.0,0.0,0.0,1.0,0.0,0.0,5.0,0.0,9.0,14.0,0.64285714285,0.0,8.0,0.0,0.0,0.0,0.0,106.0,118.0,0.89830508474,63.0,68.0,0.92647058823,65.0,78.0,0.83333333333,127,141,0.90070921985,0.0,5.0,0.0,101.0,109.0,0.92660550458,27.0,37.0,0.72972972972
8515,North White School Corp,0.0,0.0,0.0,0.0,0.0,0.0,0.0,0.0,0.0,15.0,32.0,0.46875,0.0,1.0,0.0,0.0,0.0,0.0,33.0,36.0,0.91666666666,11.0,13.0,0.84615384615,38.0,56.0,0.67857142857,38,42,0.90476190476,11.0,27.0,0.4074074074,47.0,62.0,0.75806451612,0.0,7.0,0.0
8525,Frontier School Corporation,0.0,0.0,0.0,0.0,0.0,0.0,0.0,0.0,0.0,0.0,4.0,0.0,0.0,1.0,0.0,0.0,0.0,0.0,38.0,47.0,0.80851063829,33.0,37.0,0.89189189189,8.0,15.0,0.53333333333,41,51,0.80392156862,0.0,1.0,0.0,39.0,44.0,0.88636363636,0.0,8.0,0.0
8535,Tri-County School Corporation,0.0,0.0,0.0,0.0,0.0,0.0,0.0,0.0,0.0,0.0,7.0,0.0,0.0,3.0,0.0,0.0,0.0,0.0,38.0,43.0,0.88372093023,26.0,31.0,0.83870967741,21.0,22.0,0.95454545454,45,51,0.88235294117,0.0,2.0,0.0,38.0,40.0,0.95,9.0,13.0,0.6923076923
8565,Twin Lakes School Corp,0.0,0.0,0.0,0.0,1.0,0.0,0.0,1.0,0.0,17.0,33.0,0.51515151515,0.0,2.0,0.0,0.0,0.0,0.0,104.0,131.0,0.79389312977,47.0,57.0,0.8245614035,78.0,111.0,0.7027027027,117,148,0.79054054054,8.0,20.0,0.4,110.0,138.0,0.79710144927,15.0,30.0,0.5
8625,Smith-Green Community Schools,0.0,1.0,0.0,0.0,0.0,0.0,0.0,0.0,0.0,0.0,3.0,0.0,0.0,3.0,0.0,0.0,0.0,0.0,79.0,81.0,0.97530864197,60.0,62.0,0.96774193548,26.0,26.0,1.0,86,88,0.97727272727,0.0,0.0,0.0,72.0,72.0,1.0,14.0,16.0,0.875
8665,Whitley County Con Schools,0.0,0.0,0.0,0.0,1.0,0.0,0.0,2.0,0.0,8.0,10.0,0.8,16.0,18.0,0.88888888888,0.0,0.0,0.0,190.0,216.0,0.87962962962,152.0,168.0,0.90476190476,65.0,79.0,0.82278481012,216,246,0.87804878048,0.0,1.0,0.0,180.0,181.0,0.99447513812,37.0,66.0,0.5606060606
8675,Invent Learning Hub,0.0,0.0,0.0,0.0,0.0,0.0,5.0,11.0,0.45454545454,0.0,1.0,0.0,0.0,2.0,0.0,0.0,0.0,0.0,0.0,7.0,0.0,0.0,4.0,0.0,11.0,17.0,0.64705882352,13,21,0.61904761904,0.0,0.0,0.0,12.0,18.0,0.66666666666,0.0,3.0,0.0
8685,PLA at George H Fisher School 93,0.0,0.0,0.0,0.0,0.0,0.0,19.0,34.0,0.55882352941,7.0,17.0,0.41176470588,0.0,0.0,0.0,0.0,0.0,0.0,0.0,1.0,0.0,8.0,14.0,0.57142857142,19.0,38.0,0.5,21,37,0.56756756756,6.0,15.0,0.4,25.0,44.0,0.56818181818,0.0,8.0,0.0
8690,Dynamic Minds Academy,0.0,0.0,0.0,0.0,0.0,0.0,0.0,2.0,0.0,0.0,0.0,0.0,0.0,0.0,0.0,0.0,0.0,0.0,0.0,3.0,0.0,0.0,4.0,0.0,0.0,1.0,0.0,0,5,0.0,0.0,0.0,0.0,0.0,0.0,0.0,0.0,5.0,0.0
8950,Phalen Leadership Academy at Francis Scott Key School 103,0.0,0.0,0.0,0.0,0.0,0.0,28.0,53.0,0.52830188679,15.0,29.0,0.51724137931,0.0,3.0,0.0,0.0,0.0,0.0,0.0,1.0,0.0,10.0,19.0,0.52631578947,36.0,67.0,0.53731343283,24,49,0.48979591836,22.0,37.0,0.59459459459,45.0,79.0,0.56962025316,0.0,7.0,0.0
8980,The PATH School,0.0,0.0,0.0,0.0,1.0,0.0,10.0,20.0,0.5,19.0,43.0,0.44186046511,0.0,5.0,0.0,0.0,0.0,0.0,0.0,8.0,0.0,6.0,16.0,0.375,34.0,61.0,0.55737704918,28,46,0.60869565217,12.0,31.0,0.38709677419,38.0,72.0,0.52777777777,0.0,5.0,0.0
9000,Phalen Virtual Leadership Academy,0.0,0.0,0.0,0.0,0.0,0.0,6.0,10.0,0.6,0.0,1.0,0.0,0.0,1.0,0.0,0.0,0.0,0.0,0.0,3.0,0.0,0.0,7.0,0.0,0.0,8.0,0.0,10,14,0.71428571428,0.0,1.0,0.0,9.0,13.0,0.6923076923,0.0,2.0,0.0
9004,Paramount School of Excellence South Bend,0.0,0.0,0.0,0.0,0.0,0.0,13.0,18.0,0.72222222222,0.0,4.0,0.0,0.0,2.0,0.0,0.0,0.0,0.0,0.0,4.0,0.0,8.0,10.0,0.8,13.0,18.0,0.72222222222,19,25,0.76,0.0,3.0,0.0,18.0,22.0,0.81818181818,0.0,6.0,0.0
9022,Paramount School of Excellence Lafayette,0.0,0.0,0.0,0.0,0.0,0.0,0.0,8.0,0.0,0.0,2.0,0.0,0.0,1.0,0.0,0.0,0.0,0.0,0.0,5.0,0.0,0.0,1.0,0.0,5.0,15.0,0.33333333333,5,15,0.33333333333,0.0,1.0,0.0,0.0,9.0,0.0,0.0,7.0,0.0
9027,Success Academy at Boys and Girls Club,0.0,0.0,0.0,0.0,0.0,0.0,0.0,8.0,0.0,0.0,2.0,0.0,0.0,2.0,0.0,0.0,0.0,0.0,0.0,3.0,0.0,0.0,2.0,0.0,4.0,13.0,0.30769230769,5,15,0.33333333333,0.0,0.0,0.0,4.0,12.0,0.33333333333,0.0,3.0,0.0
9030,Otwell Miller Academy,0.0,0.0,0.0,0.0,0.0,0.0,0.0,0.0,0.0,0.0,0.0,0.0,0.0,1.0,0.0,0.0,0.0,0.0,15.0,16.0,0.9375,0.0,5.0,0.0,11.0,12.0,0.91666666666,16,17,0.94117647058,0.0,0.0,0.0,11.0,11.0,1.0,0.0,6.0,0.0
9043,Premier Arts Academy,0.0,0.0,0.0,0.0,0.0,0.0,0.0,5.0,0.0,0.0,7.0,0.0,0.0,4.0,0.0,0.0,0.0,0.0,13.0,13.0,1.0,28.0,29.0,0.96551724137,0.0,0.0,0.0,26,26,1.0,0.0,3.0,0.0,24.0,25.0,0.96,0.0,4.0,0.0
9054,The Genius School,0.0,0.0,0.0,0.0,0.0,0.0,11.0,14.0,0.78571428571,0.0,2.0,0.0,0.0,1.0,0.0,0.0,0.0,0.0,0.0,0.0,0.0,0.0,3.0,0.0,11.0,14.0,0.78571428571,12,16,0.75,0.0,1.0,0.0,13.0,15.0,0.86666666666,0.0,2.0,0.0
9060,Paramount Cottage Home,0.0,0.0,0.0,0.0,0.0,0.0,34.0,48.0,0.70833333333,7.0,10.0,0.7,0.0,6.0,0.0,0.0,0.0,0.0,16.0,17.0,0.94117647058,22.0,25.0,0.88,39.0,56.0,0.69642857142,59,77,0.76623376623,0.0,4.0,0.0,55.0,66.0,0.83333333333,6.0,15.0,0.4
9065,Allegiant Preparatory Academy,0.0,0.0,0.0,0.0,0.0,0.0,24.0,24.0,1.0,0.0,1.0,0.0,0.0,0.0,0.0,0.0,0.0,0.0,0.0,0.0,0.0,0.0,5.0,0.0,20.0,20.0,1.0,24,24,1.0,0.0,1.0,0.0,23.0,23.0,1.0,0.0,2.0,0.0
9085,pilotED Schools,0.0,0.0,0.0,0.0,0.0,0.0,18.0,26.0,0.6923076923,0.0,8.0,0.0,0.0,3.0,0.0,0.0,0.0,0.0,0.0,6.0,0.0,0.0,9.0,0.0,24.0,34.0,0.70588235294,29,41,0.70731707317,0.0,2.0,0.0,31.0,39.0,0.79487179487,0.0,4.0,0.0
9090,Matchbook Learning  ,0.0,0.0,0.0,0.0,0.0,0.0,11.0,25.0,0.44,12.0,44.0,0.27272727272,0.0,4.0,0.0,0.0,0.0,0.0,0.0,2.0,0.0,1.0,13.0,0.07692307692,27.0,62.0,0.43548387096,18,40,0.45,10.0,35.0,0.28571428571,27.0,67.0,0.40298507462,0.0,8.0,0.0
9130,Adelante Schools,0.0,0.0,0.0,0.0,0.0,0.0,0.0,8.0,0.0,5.0,12.0,0.41666666666,0.0,2.0,0.0,0.0,0.0,0.0,9.0,10.0,0.9,0.0,3.0,0.0,21.0,29.0,0.72413793103,17,20,0.85,6.0,12.0,0.5,20.0,27.0,0.74074074074,0.0,5.0,0.0
9150,Circle City Prep Charter School,0.0,0.0,0.0,0.0,0.0,0.0,24.0,37.0,0.64864864864,0.0,4.0,0.0,0.0,1.0,0.0,0.0,0.0,0.0,0.0,1.0,0.0,0.0,4.0,0.0,27.0,39.0,0.6923076923,21,34,0.61764705882,0.0,9.0,0.0,26.0,36.0,0.72222222222,0.0,7.0,0.0
9200,Archdiocese of Indianapolis,0.0,1.0,0.0,71.0,75.0,0.94666666666,72.0,87.0,0.82758620689,237.0,321.0,0.738317757,60.0,66.0,0.90909090909,0.0,0.0,0.0,1084.0,1123.0,0.96527159394,972.0,1024.0,0.94921875,553.0,649.0,0.85208012326,1317,1385,0.95090252707,208.0,288.0,0.72222222222,1380.0,1464.0,0.94262295081,145.0,209.0,0.6937799043
9205,Diocese of Gary,0.0,0.0,0.0,0.0,7.0,0.0,38.0,38.0,1.0,164.0,176.0,0.93181818181,17.0,19.0,0.8947368421,0.0,0.0,0.0,206.0,213.0,0.96713615023,329.0,344.0,0.95639534883,103.0,109.0,0.94495412844,388,406,0.95566502463,44.0,47.0,0.93617021276,410.0,426.0,0.96244131455,22.0,27.0,0.81481481481
9210,Diocese of Lafayette Catholic Sch,0.0,0.0,0.0,10.0,10.0,1.0,9.0,10.0,0.9,60.0,63.0,0.95238095238,19.0,20.0,0.95,0.0,0.0,0.0,294.0,307.0,0.95765472312,322.0,336.0,0.95833333333,70.0,74.0,0.94594594594,356,371,0.95956873315,36.0,39.0,0.92307692307,355.0,360.0,0.98611111111,37.0,50.0,0.74
9215,Diocese of Evansville,0.0,0.0,0.0,0.0,5.0,0.0,0.0,8.0,0.0,30.0,32.0,0.9375,23.0,24.0,0.95833333333,0.0,0.0,0.0,441.0,452.0,0.97566371681,402.0,412.0,0.97572815533,100.0,109.0,0.91743119266,491,508,0.96653543307,11.0,13.0,0.84615384615,441.0,453.0,0.97350993377,61.0,68.0,0.89705882352
9220,Diocese of Fort Wayne - South Bend,0.0,1.0,0.0,19.0,23.0,0.82608695652,34.0,43.0,0.79069767441,231.0,278.0,0.83093525179,50.0,52.0,0.96153846153,0.0,0.0,0.0,662.0,685.0,0.96642335766,696.0,726.0,0.95867768595,301.0,356.0,0.84550561797,888,949,0.93572181243,109.0,133.0,0.81954887218,907.0,973.0,0.93216855087,90.0,109.0,0.82568807339
9230,Lutheran Schools of Indiana,0.0,1.0,0.0,25.0,30.0,0.83333333333,27.0,33.0,0.81818181818,40.0,45.0,0.88888888888,50.0,51.0,0.98039215686,0.0,0.0,0.0,552.0,595.0,0.92773109243,540.0,572.0,0.94405594405,155.0,183.0,0.84699453551,674,728,0.92582417582,21.0,27.0,0.77777777777,623.0,664.0,0.93825301204,72.0,91.0,0.7912087912
9240,The Oaks Academy,0.0,0.0,0.0,0.0,0.0,0.0,47.0,49.0,0.95918367346,0.0,0.0,0.0,0.0,7.0,0.0,0.0,0.0,0.0,51.0,51.0,1.0,79.0,80.0,0.9875,25.0,27.0,0.92592592592,104,107,0.97196261682,0.0,0.0,0.0,98.0,101.0,0.9702970297,0.0,6.0,0.0
9310,Charter School of the Dunes,0.0,1.0,0.0,0.0,0.0,0.0,31.0,65.0,0.47692307692,0.0,6.0,0.0,0.0,7.0,0.0,0.0,0.0,0.0,0.0,0.0,0.0,0.0,5.0,0.0,39.0,74.0,0.52702702702,42,79,0.53164556962,0.0,0.0,0.0,40.0,72.0,0.55555555555,0.0,7.0,0.0
9320,Community Montessori Inc,0.0,1.0,0.0,0.0,0.0,0.0,0.0,2.0,0.0,0.0,2.0,0.0,0.0,2.0,0.0,0.0,0.0,0.0,17.0,29.0,0.58620689655,19.0,29.0,0.65517241379,0.0,7.0,0.0,21,35,0.6,0.0,1.0,0.0,18.0,23.0,0.78260869565,4.0,13.0,0.30769230769
9330,Irvington Community School,0.0,0.0,0.0,0.0,0.0,0.0,8.0,14.0,0.57142857142,0.0,6.0,0.0,0.0,3.0,0.0,0.0,0.0,0.0,26.0,31.0,0.83870967741,11.0,16.0,0.6875,27.0,38.0,0.71052631578,38,51,0.74509803921,0.0,3.0,0.0,37.0,47.0,0.78723404255,0.0,7.0,0.0
9350,Timothy L Johnson Academy,0.0,0.0,0.0,22.0,36.0,0.61111111111,11.0,17.0,0.64705882352,0.0,2.0,0.0,0.0,3.0,0.0,0.0,0.0,0.0,0.0,0.0,0.0,9.0,17.0,0.5294117647,26.0,41.0,0.63414634146,12,22,0.54545454545,23.0,36.0,0.63888888888,31.0,54.0,0.57407407407,0.0,4.0,0.0
9365,Enlace Academy,0.0,0.0,0.0,0.0,0.0,0.0,0.0,7.0,0.0,26.0,64.0,0.40625,0.0,0.0,0.0,0.0,0.0,0.0,0.0,3.0,0.0,4.0,12.0,0.33333333333,26.0,62.0,0.4193548387,7,14,0.5,23.0,60.0,0.38333333333,28.0,62.0,0.45161290322,2.0,12.0,0.16666666666
9380,Christel House Academy South,0.0,0.0,0.0,0.0,0.0,0.0,0.0,7.0,0.0,22.0,30.0,0.73333333333,0.0,3.0,0.0,0.0,0.0,0.0,5.0,10.0,0.5,0.0,7.0,0.0,33.0,43.0,0.76744186046,22,30,0.73333333333,13.0,20.0,0.65,29.0,38.0,0.76315789473,6.0,12.0,0.5
9395,Christel House Academy West,0.0,0.0,0.0,0.0,0.0,0.0,18.0,20.0,0.9,17.0,29.0,0.58620689655,0.0,1.0,0.0,0.0,0.0,0.0,0.0,4.0,0.0,0.0,7.0,0.0,36.0,47.0,0.7659574468,22,26,0.84615384615,16.0,28.0,0.57142857142,35.0,48.0,0.72916666666,0.0,6.0,0.0
9410,KIPP Indy Unite Elementary,0.0,0.0,0.0,0.0,1.0,0.0,45.0,85.0,0.5294117647,5.0,17.0,0.29411764705,0.0,3.0,0.0,0.0,0.0,0.0,0.0,1.0,0.0,7.0,12.0,0.58333333333,47.0,95.0,0.4947368421,49,93,0.52688172043,5.0,14.0,0.35714285714,51.0,97.0,0.52577319587,3.0,10.0,0.3
9425,Tindley Genesis Academy,0.0,0.0,0.0,0.0,0.0,0.0,36.0,55.0,0.65454545454,0.0,7.0,0.0,0.0,2.0,0.0,0.0,0.0,0.0,0.0,0.0,0.0,5.0,12.0,0.41666666666,34.0,52.0,0.65384615384,37,58,0.63793103448,0.0,6.0,0.0,37.0,61.0,0.60655737704,0.0,3.0,0.0
9430,Tindley Summit Academy,0.0,0.0,0.0,0.0,0.0,0.0,14.0,24.0,0.58333333333,0.0,8.0,0.0,0.0,0.0,0.0,0.0,0.0,0.0,0.0,1.0,0.0,0.0,7.0,0.0,15.0,26.0,0.57692307692,13,26,0.5,0.0,7.0,0.0,19.0,27.0,0.7037037037,0.0,6.0,0.0
9460,Thea Bowman Leadership Academy,0.0,0.0,0.0,0.0,0.0,0.0,38.0,56.0,0.67857142857,0.0,4.0,0.0,0.0,1.0,0.0,0.0,0.0,0.0,0.0,0.0,0.0,14.0,17.0,0.82352941176,26.0,44.0,0.5909090909,40,60,0.66666666666,0.0,1.0,0.0,37.0,53.0,0.69811320754,0.0,8.0,0.0
9465,Rural Community Schools Inc,0.0,0.0,0.0,0.0,0.0,0.0,0.0,0.0,0.0,0.0,1.0,0.0,0.0,0.0,0.0,0.0,0.0,0.0,0.0,5.0,0.0,0.0,0.0,0.0,0.0,6.0,0.0,0,6,0.0,0.0,0.0,0.0,0.0,3.0,0.0,0.0,3.0,0.0
9485,SE Neighborhood Sch of Excellence,0.0,0.0,0.0,0.0,0.0,0.0,8.0,17.0,0.47058823529,16.0,23.0,0.69565217391,0.0,4.0,0.0,0.0,0.0,0.0,15.0,24.0,0.625,0.0,4.0,0.0,41.0,64.0,0.640625,34,55,0.61818181818,8.0,13.0,0.61538461538,32.0,55.0,0.58181818181,10.0,13.0,0.76923076923
9495,Joshua Academy,0.0,0.0,0.0,0.0,0.0,0.0,23.0,30.0,0.76666666666,0.0,2.0,0.0,0.0,9.0,0.0,0.0,0.0,0.0,0.0,1.0,0.0,34.0,42.0,0.80952380952,0.0,0.0,0.0,34,42,0.80952380952,0.0,0.0,0.0,34.0,40.0,0.85,0.0,2.0,0.0
9531,Paramount Online Academy,0.0,0.0,0.0,0.0,0.0,0.0,0.0,8.0,0.0,0.0,2.0,0.0,0.0,1.0,0.0,0.0,0.0,0.0,0.0,2.0,0.0,0.0,4.0,0.0,0.0,9.0,0.0,8,12,0.66666666666,0.0,1.0,0.0,8.0,12.0,0.66666666666,0.0,1.0,0.0
9533,Promise Prep,0.0,0.0,0.0,0.0,0.0,0.0,0.0,6.0,0.0,4.0,10.0,0.4,0.0,1.0,0.0,0.0,0.0,0.0,0.0,0.0,0.0,0.0,4.0,0.0,6.0,13.0,0.46153846153,0,7,0.0,4.0,10.0,0.4,7.0,17.0,0.41176470588,0.0,0.0,0.0
9534,Indy Steam Academy,0.0,0.0,0.0,0.0,2.0,0.0,13.0,20.0,0.65,0.0,1.0,0.0,0.0,1.0,0.0,0.0,0.0,0.0,0.0,2.0,0.0,0.0,8.0,0.0,12.0,18.0,0.66666666666,16,23,0.69565217391,0.0,3.0,0.0,18.0,25.0,0.72,0.0,1.0,0.0
9535,Gary Lighthouse Charter School,0.0,0.0,0.0,0.0,0.0,0.0,55.0,73.0,0.75342465753,0.0,3.0,0.0,0.0,3.0,0.0,0.0,0.0,0.0,0.0,0.0,0.0,0.0,1.0,0.0,59.0,78.0,0.75641025641,59,78,0.75641025641,0.0,1.0,0.0,55.0,70.0,0.78571428571,0.0,9.0,0.0
9536,Lawrence County Independent Schools,0.0,0.0,0.0,0.0,0.0,0.0,0.0,0.0,0.0,0.0,0.0,0.0,0.0,1.0,0.0,0.0,0.0,0.0,17.0,20.0,0.85,0.0,6.0,0.0,12.0,15.0,0.8,18,21,0.85714285714,0.0,0.0,0.0,13.0,15.0,0.86666666666,0.0,6.0,0.0
9537,The Nature School of Central Indiana,0.0,0.0,0.0,0.0,0.0,0.0,0.0,0.0,0.0,0.0,0.0,0.0,0.0,1.0,0.0,0.0,0.0,0.0,11.0,13.0,0.84615384615,11.0,13.0,0.84615384615,0.0,1.0,0.0,12,14,0.85714285714,0.0,0.0,0.0,10.0,10.0,1.0,0.0,4.0,0.0
9538,Herron Preparatory Academy,0.0,0.0,0.0,0.0,0.0,0.0,0.0,9.0,0.0,0.0,3.0,0.0,0.0,5.0,0.0,0.0,0.0,0.0,17.0,18.0,0.94444444444,21.0,22.0,0.95454545454,12.0,13.0,0.92307692307,33,35,0.94285714285,0.0,0.0,0.0,29.0,31.0,0.93548387096,0.0,4.0,0.0
9545,21st Century Charter Sch of Gary,0.0,0.0,0.0,0.0,0.0,0.0,50.0,71.0,0.70422535211,0.0,3.0,0.0,0.0,2.0,0.0,0.0,0.0,0.0,0.0,0.0,0.0,11.0,15.0,0.73333333333,43.0,61.0,0.70491803278,54,76,0.71052631578,0.0,0.0,0.0,48.0,62.0,0.77419354838,6.0,14.0,0.42857142857
9555,East Chicago Urban Enterprise Academy,0.0,0.0,0.0,0.0,0.0,0.0,20.0,23.0,0.86956521739,20.0,24.0,0.83333333333,0.0,1.0,0.0,0.0,0.0,0.0,0.0,0.0,0.0,0.0,8.0,0.0,35.0,40.0,0.875,34,37,0.91891891891,7.0,11.0,0.63636363636,38.0,42.0,0.90476190476,0.0,6.0,0.0
9575,Victory College Prep,0.0,0.0,0.0,0.0,0.0,0.0,35.0,45.0,0.77777777777,14.0,19.0,0.73684210526,0.0,3.0,0.0,0.0,0.0,0.0,0.0,5.0,0.0,0.0,8.0,0.0,49.0,64.0,0.765625,44,58,0.75862068965,11.0,14.0,0.78571428571,53.0,70.0,0.75714285714,0.0,2.0,0.0
9595,East Chicago Lighthouse Charter,0.0,0.0,0.0,0.0,0.0,0.0,21.0,28.0,0.75,19.0,23.0,0.82608695652,0.0,0.0,0.0,0.0,0.0,0.0,0.0,0.0,0.0,0.0,2.0,0.0,39.0,49.0,0.79591836734,26,35,0.74285714285,14.0,16.0,0.875,37.0,43.0,0.86046511627,0.0,8.0,0.0
9605,IN Sch for the Blind & Vis Imprd,0.0,0.0,0.0,0.0,0.0,0.0,0.0,0.0,0.0,0.0,0.0,0.0,0.0,0.0,0.0,0.0,0.0,0.0,0.0,2.0,0.0,0.0,1.0,0.0,0.0,1.0,0.0,0,2,0.0,0.0,0.0,0.0,0.0,0.0,0.0,0.0,2.0,0.0
9610,Indiana School For The Deaf,0.0,0.0,0.0,0.0,0.0,0.0,0.0,2.0,0.0,0.0,3.0,0.0,0.0,1.0,0.0,0.0,0.0,0.0,1.0,18.0,0.05555555555,0.0,10.0,0.0,1.0,14.0,0.07142857142,1,23,0.04347826086,0.0,1.0,0.0,0.0,1.0,0.0,1.0,23.0,0.04347826086
9615,Andrew J Brown Academy,0.0,0.0,0.0,0.0,0.0,0.0,12.0,26.0,0.46153846153,15.0,33.0,0.45454545454,0.0,7.0,0.0,0.0,0.0,0.0,0.0,2.0,0.0,4.0,10.0,0.4,29.0,58.0,0.5,22,40,0.55,11.0,28.0,0.39285714285,33.0,63.0,0.5238095238,0.0,5.0,0.0
9620,Burris Laboratory School,0.0,1.0,0.0,0.0,2.0,0.0,0.0,3.0,0.0,0.0,4.0,0.0,0.0,7.0,0.0,0.0,0.0,0.0,23.0,24.0,0.95833333333,29.0,29.0,1.0,10.0,12.0,0.83333333333,39,41,0.95121951219,0.0,0.0,0.0,31.0,32.0,0.96875,0.0,9.0,0.0
9645,Avondale Meadows Academy,0.0,0.0,0.0,0.0,0.0,0.0,32.0,50.0,0.64,0.0,2.0,0.0,0.0,1.0,0.0,0.0,0.0,0.0,0.0,0.0,0.0,0.0,1.0,0.0,33.0,52.0,0.63461538461,33,52,0.63461538461,0.0,1.0,0.0,30.0,44.0,0.68181818181,0.0,9.0,0.0
9665,Geist Montessori Academy,0.0,0.0,0.0,0.0,3.0,0.0,0.0,6.0,0.0,0.0,0.0,0.0,0.0,5.0,0.0,0.0,0.0,0.0,23.0,28.0,0.82142857142,34.0,40.0,0.85,0.0,2.0,0.0,36,42,0.85714285714,0.0,0.0,0.0,31.0,34.0,0.91176470588,0.0,8.0,0.0
9680,Paramount Brookside ,0.0,0.0,0.0,0.0,0.0,0.0,43.0,50.0,0.86,17.0,17.0,1.0,13.0,13.0,1.0,0.0,0.0,0.0,20.0,20.0,1.0,26.0,27.0,0.96296296296,67.0,73.0,0.91780821917,84,91,0.92307692307,0.0,9.0,0.0,79.0,84.0,0.94047619047,14.0,16.0,0.875
9685,Aspire Charter Academy,0.0,0.0,0.0,0.0,0.0,0.0,31.0,48.0,0.64583333333,0.0,9.0,0.0,0.0,5.0,0.0,0.0,0.0,0.0,0.0,0.0,0.0,6.0,14.0,0.42857142857,32.0,48.0,0.66666666666,37,60,0.61666666666,0.0,2.0,0.0,38.0,55.0,0.6909090909,0.0,7.0,0.0
9690,Renaissance Academy Charter School,0.0,0.0,0.0,0.0,1.0,0.0,0.0,3.0,0.0,0.0,4.0,0.0,0.0,3.0,0.0,0.0,0.0,0.0,25.0,26.0,0.96153846153,35.0,37.0,0.94594594594,0.0,0.0,0.0,35,37,0.94594594594,0.0,0.0,0.0,29.0,31.0,0.93548387096,0.0,6.0,0.0
9722,Springville Community Academy,0.0,0.0,0.0,0.0,0.0,0.0,0.0,0.0,0.0,0.0,0.0,0.0,0.0,0.0,0.0,0.0,0.0,0.0,18.0,20.0,0.9,13.0,15.0,0.86666666666,0.0,5.0,0.0,18,20,0.9,0.0,0.0,0.0,18.0,19.0,0.94736842105,0.0,1.0,0.0
9725,Canaan Community Academy,0.0,0.0,0.0,0.0,0.0,0.0,0.0,0.0,0.0,0.0,0.0,0.0,0.0,1.0,0.0,0.0,0.0,0.0,10.0,18.0,0.55555555555,5.0,11.0,0.45454545454,0.0,8.0,0.0,10,19,0.52631578947,0.0,0.0,0.0,9.0,13.0,0.6923076923,0.0,6.0,0.0
9735,Inspire Academy - A Sch of Inquiry,0.0,0.0,0.0,0.0,0.0,0.0,0.0,3.0,0.0,0.0,2.0,0.0,0.0,1.0,0.0,0.0,0.0,0.0,6.0,14.0,0.42857142857,0.0,1.0,0.0,10.0,19.0,0.52631578947,10,20,0.5,0.0,0.0,0.0,8.0,15.0,0.53333333333,0.0,5.0,0.0
9737,Liberty Grove Schools,0.0,0.0,0.0,0.0,1.0,0.0,12.0,23.0,0.52173913043,0.0,6.0,0.0,0.0,3.0,0.0,0.0,0.0,0.0,0.0,1.0,0.0,12.0,30.0,0.4,0.0,4.0,0.0,12,30,0.4,0.0,4.0,0.0,13.0,30.0,0.43333333333,0.0,4.0,0.0
9785,IN Math & Science Academy,0.0,0.0,0.0,0.0,0.0,0.0,48.0,51.0,0.94117647058,8.0,10.0,0.8,0.0,1.0,0.0,0.0,0.0,0.0,0.0,1.0,0.0,14.0,17.0,0.82352941176,44.0,46.0,0.95652173913,38,39,0.97435897435,20.0,24.0,0.83333333333,55.0,58.0,0.94827586206,0.0,5.0,0.0
9790,Anderson Preparatory Academy,0.0,0.0,0.0,0.0,0.0,0.0,12.0,16.0,0.75,0.0,5.0,0.0,0.0,7.0,0.0,0.0,0.0,0.0,17.0,22.0,0.77272727272,12.0,16.0,0.75,25.0,34.0,0.73529411764,36,47,0.7659574468,0.0,3.0,0.0,32.0,42.0,0.7619047619,0.0,8.0,0.0
9835,The Bloomington Project School,0.0,1.0,0.0,0.0,1.0,0.0,0.0,0.0,0.0,0.0,0.0,0.0,0.0,1.0,0.0,0.0,0.0,0.0,30.0,33.0,0.90909090909,24.0,27.0,0.88888888888,0.0,9.0,0.0,32,36,0.88888888888,0.0,0.0,0.0,26.0,26.0,1.0,6.0,10.0,0.6
9870,Discovery Charter School,0.0,0.0,0.0,0.0,5.0,0.0,0.0,2.0,0.0,9.0,13.0,0.6923076923,0.0,5.0,0.0,0.0,0.0,0.0,48.0,54.0,0.88888888888,49.0,58.0,0.8448275862,19.0,21.0,0.90476190476,67,78,0.85897435897,0.0,1.0,0.0,58.0,58.0,1.0,10.0,21.0,0.47619047619
9875,Rock Creek Community Academy,0.0,1.0,0.0,0.0,0.0,0.0,0.0,7.0,0.0,0.0,0.0,0.0,0.0,3.0,0.0,0.0,0.0,0.0,46.0,47.0,0.97872340425,38.0,40.0,0.95,17.0,18.0,0.94444444444,55,58,0.94827586206,0.0,0.0,0.0,36.0,37.0,0.97297297297,19.0,21.0,0.90476190476
9895,IN Math & Science Academy - North,0.0,0.0,0.0,0.0,0.0,0.0,16.0,26.0,0.61538461538,11.0,11.0,1.0,0.0,1.0,0.0,0.0,0.0,0.0,0.0,3.0,0.0,0.0,8.0,0.0,25.0,33.0,0.75757575757,18,28,0.64285714285,11.0,13.0,0.84615384615,29.0,37.0,0.78378378378,0.0,4.0,0.0
9905,Indiana Connections Academy,0.0,1.0,0.0,0.0,2.0,0.0,12.0,25.0,0.48,10.0,15.0,0.66666666666,7.0,11.0,0.63636363636,0.0,0.0,0.0,64.0,101.0,0.63366336633,62.0,86.0,0.72093023255,34.0,69.0,0.49275362318,96,153,0.62745098039,0.0,2.0,0.0,84.0,115.0,0.7304347826,12.0,40.0,0.3
9920,Damar Charter Academy,0.0,0.0,0.0,0.0,0.0,0.0,0.0,1.0,0.0,0.0,0.0,0.0,0.0,0.0,0.0,0.0,0.0,0.0,0.0,1.0,0.0,0.0,0.0,0.0,0.0,2.0,0.0,0,2,0.0,0.0,0.0,0.0,0.0,0.0,0.0,0.0,2.0,0.0
9925,Phalen Leadership Academy - IN Inc,0.0,0.0,0.0,0.0,0.0,0.0,12.0,24.0,0.5,0.0,2.0,0.0,0.0,1.0,0.0,0.0,0.0,0.0,0.0,0.0,0.0,0.0,7.0,0.0,12.0,20.0,0.6,15,27,0.55555555555,0.0,0.0,0.0,14.0,24.0,0.58333333333,0.0,3.0,0.0
9935,Vision Academy,0.0,0.0,0.0,0.0,0.0,0.0,22.0,39.0,0.5641025641,0.0,5.0,0.0,0.0,1.0,0.0,0.0,0.0,0.0,0.0,1.0,0.0,0.0,6.0,0.0,22.0,40.0,0.55,25,44,0.56818181818,0.0,2.0,0.0,23.0,40.0,0.575,0.0,6.0,0.0
9950,Dugger Union Community School Corp,0.0,0.0,0.0,0.0,0.0,0.0,0.0,0.0,0.0,0.0,2.0,0.0,0.0,0.0,0.0,0.0,0.0,0.0,33.0,41.0,0.80487804878,17.0,21.0,0.80952380952,17.0,22.0,0.77272727272,34,42,0.80952380952,0.0,1.0,0.0,29.0,34.0,0.85294117647,0.0,9.0,0.0
9954,Phalen Leadership Academy at Louis B Russell School 48,0.0,0.0,0.0,0.0,0.0,0.0,22.0,34.0,0.64705882352,0.0,6.0,0.0,0.0,0.0,0.0,0.0,0.0,0.0,0.0,0.0,0.0,7.0,11.0,0.63636363636,17.0,29.0,0.58620689655,23,37,0.62162162162,0.0,3.0,0.0,20.0,34.0,0.58823529411,0.0,6.0,0.0
9955,Mays Community Academy,0.0,0.0,0.0,0.0,0.0,0.0,0.0,0.0,0.0,0.0,1.0,0.0,0.0,1.0,0.0,0.0,0.0,0.0,10.0,12.0,0.83333333333,0.0,5.0,0.0,0.0,9.0,0.0,12,14,0.85714285714,0.0,0.0,0.0,0.0,6.0,0.0,0.0,8.0,0.0
9960,Success Academy Primary School,0.0,0.0,0.0,0.0,1.0,0.0,27.0,36.0,0.75,10.0,14.0,0.71428571428,9.0,16.0,0.5625,0.0,0.0,0.0,19.0,26.0,0.73076923076,22.0,29.0,0.75862068965,44.0,64.0,0.6875,62,88,0.70454545454,0.0,5.0,0.0,55.0,67.0,0.82089552238,11.0,26.0,0.42307692307
9970,ACE Preparatory Academy,0.0,0.0,0.0,0.0,0.0,0.0,14.0,16.0,0.875,0.0,2.0,0.0,0.0,1.0,0.0,0.0,0.0,0.0,0.0,2.0,0.0,0.0,4.0,0.0,15.0,17.0,0.88235294117,18,20,0.9,0.0,1.0,0.0,13.0,13.0,1.0,0.0,8.0,0.0
9975,Global Preparatory Academy,0.0,0.0,0.0,0.0,0.0,0.0,15.0,22.0,0.68181818181,32.0,64.0,0.5,0.0,4.0,0.0,0.0,0.0,0.0,0.0,6.0,0.0,16.0,24.0,0.66666666666,39.0,72.0,0.54166666666,25,39,0.64102564102,30.0,57.0,0.52631578947,51.0,84.0,0.60714285714,4.0,12.0,0.33333333333
9980,Steel City Academy,0.0,0.0,0.0,0.0,0.0,0.0,14.0,20.0,0.7,0.0,0.0,0.0,0.0,0.0,0.0,0.0,0.0,0.0,0.0,0.0,0.0,0.0,4.0,0.0,10.0,16.0,0.625,14,20,0.7,0.0,0.0,0.0,12.0,15.0,0.8,0.0,5.0,0.0
9985,Seven Oaks Classical School,0.0,0.0,0.0,0.0,0.0,0.0,0.0,0.0,0.0,0.0,1.0,0.0,0.0,4.0,0.0,0.0,0.0,0.0,41.0,45.0,0.91111111111,37.0,41.0,0.90243902439,0.0,9.0,0.0,44,48,0.91666666666,0.0,2.0,0.0,39.0,42.0,0.92857142857,0.0,8.0,0.0
9990,Higher Institute of Arts & Tech,0.0,0.0,0.0,0.0,0.0,0.0,10.0,22.0,0.45454545454,0.0,0.0,0.0,0.0,3.0,0.0,0.0,0.0,0.0,0.0,0.0,0.0,0.0,5.0,0.0,10.0,20.0,0.5,12,25,0.48,0.0,0.0,0.0,12.0,21.0,0.57142857142,0.0,4.0,0.0
